series,sector,date,gdp,hours,employment,output_hour,output_employment
abs,p0,2015-01-01,282256.0,8144.0,13947.0,34.7,20237.8
abs,p1,2015-01-01,21692.0,953.0,1857.0,22.8,11681.2
abs,p2,2015-01-01,26879.0,47.0,78.0,571.9,344602.6
abs,p3,2015-01-01,62333.0,1436.0,2382.0,43.4,26168.3
abs,p3.1,2015-01-01,5319.0,216.0,391.0,24.6,13603.6
abs,p3.2,2015-01-01,1565.0,12.0,18.0,130.4,86944.4
abs,p3.3,2015-01-01,1124.0,107.0,222.0,10.5,5063.1
abs,p3.4,2015-01-01,4331.0,200.0,317.0,21.7,13662.5
abs,p3.5,2015-01-01,18731.0,241.0,379.0,77.7,49422.2
abs,p3.6,2015-01-01,7281.0,205.0,323.0,35.5,22541.8
abs,p3.7,2015-01-01,18350.0,331.0,531.0,55.4,34557.4
abs,p3.8,2015-01-01,5633.0,125.0,202.0,45.1,27886.1
abs,p4,2015-01-01,13728.0,884.0,1482.0,15.5,9263.2
abs,p5,2015-01-01,154469.0,4824.0,8148.0,32.0,18957.9
abs,p5.1,2015-01-01,7631.0,59.0,101.0,129.3,75554.5
abs,p5.2,2015-01-01,43343.0,1322.0,2164.0,32.8,20029.1
abs,p5.3,2015-01-01,8747.0,771.0,1311.0,11.3,6672.0
abs,p5.4,2015-01-01,10183.0,312.0,508.0,32.6,20045.3
abs,p5.5,2015-01-01,15049.0,122.0,208.0,123.4,72351.0
abs,p5.6,2015-01-01,19741.0,206.0,355.0,95.8,55608.5
abs,p5.7,2015-01-01,12510.0,594.0,968.0,21.1,12923.6
abs,p5.8,2015-01-01,37265.0,1437.0,2535.0,25.9,14700.2
abs,p0,2015-04-01,288975.0,8196.0,13944.0,35.3,20724.0
abs,p1,2015-04-01,24001.0,1006.0,1958.0,23.9,12257.9
abs,p2,2015-04-01,25729.0,45.0,73.0,571.8,352452.1
abs,p3,2015-04-01,65695.0,1445.0,2361.0,45.5,27825.1
abs,p3.1,2015-04-01,6668.0,217.0,378.0,30.7,17640.2
abs,p3.2,2015-04-01,2159.0,11.0,17.0,196.3,127000.0
abs,p3.3,2015-04-01,1348.0,111.0,221.0,12.1,6099.5
abs,p3.4,2015-04-01,4497.0,199.0,311.0,22.6,14459.8
abs,p3.5,2015-04-01,18880.0,240.0,374.0,78.7,50481.3
abs,p3.6,2015-04-01,8576.0,206.0,322.0,41.6,26633.5
abs,p3.7,2015-04-01,16519.0,334.0,531.0,49.5,31109.2
abs,p3.8,2015-04-01,7048.0,128.0,205.0,55.1,34380.5
abs,p4,2015-04-01,12927.0,921.0,1515.0,14.0,8532.7
abs,p5,2015-04-01,156945.0,4779.0,8037.0,32.8,19527.8
abs,p5.1,2015-04-01,7984.0,57.0,97.0,140.1,82309.3
abs,p5.2,2015-04-01,43963.0,1264.0,2053.0,34.8,21414.0
abs,p5.3,2015-04-01,8812.0,760.0,1273.0,11.6,6922.2
abs,p5.4,2015-04-01,10250.0,301.0,487.0,34.1,21047.2
abs,p5.5,2015-04-01,15543.0,122.0,204.0,127.4,76191.2
abs,p5.6,2015-04-01,19286.0,198.0,345.0,97.4,55901.4
abs,p5.7,2015-04-01,12790.0,614.0,1001.0,20.8,12777.2
abs,p5.8,2015-04-01,38316.0,1464.0,2576.0,26.2,14874.2
abs,p0,2015-07-01,297965.0,8097.0,13950.0,36.8,21359.5
abs,p1,2015-07-01,27685.0,980.0,1931.0,28.2,14337.1
abs,p2,2015-07-01,24260.0,45.0,80.0,539.1,303250.0
abs,p3,2015-07-01,65851.0,1428.0,2369.0,46.1,27797.0
abs,p3.1,2015-07-01,6590.0,211.0,378.0,31.2,17433.9
abs,p3.2,2015-07-01,2029.0,10.0,18.0,202.9,112722.2
abs,p3.3,2015-07-01,1235.0,111.0,223.0,11.1,5538.1
abs,p3.4,2015-07-01,4434.0,201.0,311.0,22.1,14257.2
abs,p3.5,2015-07-01,20073.0,234.0,376.0,85.8,53385.6
abs,p3.6,2015-07-01,8048.0,202.0,329.0,39.8,24462.0
abs,p3.7,2015-07-01,17076.0,333.0,532.0,51.3,32097.7
abs,p3.8,2015-07-01,6366.0,126.0,203.0,50.5,31359.6
abs,p4,2015-07-01,14332.0,927.0,1536.0,15.5,9330.7
abs,p5,2015-07-01,162177.0,4717.0,8034.0,34.4,20186.3
abs,p5.1,2015-07-01,8057.0,56.0,97.0,143.9,83061.9
abs,p5.2,2015-07-01,47041.0,1274.0,2100.0,36.9,22400.5
abs,p5.3,2015-07-01,8997.0,753.0,1293.0,11.9,6958.2
abs,p5.4,2015-07-01,10567.0,293.0,474.0,36.1,22293.2
abs,p5.5,2015-07-01,15994.0,119.0,201.0,134.4,79572.1
abs,p5.6,2015-07-01,19284.0,202.0,346.0,95.5,55734.1
abs,p5.7,2015-07-01,12761.0,573.0,944.0,22.3,13518.0
abs,p5.8,2015-07-01,39477.0,1448.0,2579.0,27.3,15307.1
abs,p0,2015-10-01,307745.0,8270.0,14128.0,37.2,21782.6
abs,p1,2015-10-01,24161.0,933.0,1759.0,25.9,13735.6
abs,p2,2015-10-01,26191.0,54.0,85.0,485.0,308129.4
abs,p3,2015-10-01,68500.0,1454.0,2403.0,47.1,28506.0
abs,p3.1,2015-10-01,6564.0,216.0,387.0,30.4,16961.2
abs,p3.2,2015-10-01,1844.0,11.0,18.0,167.6,102444.4
abs,p3.3,2015-10-01,1217.0,111.0,226.0,11.0,5385.0
abs,p3.4,2015-10-01,4524.0,203.0,314.0,22.3,14407.6
abs,p3.5,2015-10-01,20622.0,243.0,379.0,84.9,54411.6
abs,p3.6,2015-10-01,7668.0,208.0,334.0,36.9,22958.1
abs,p3.7,2015-10-01,18298.0,335.0,538.0,54.6,34011.2
abs,p3.8,2015-10-01,7763.0,128.0,209.0,60.6,37143.5
abs,p4,2015-10-01,14395.0,934.0,1537.0,15.4,9365.6
abs,p5,2015-10-01,170292.0,4896.0,8344.0,34.8,20408.9
abs,p5.1,2015-10-01,8037.0,59.0,99.0,136.2,81181.8
abs,p5.2,2015-10-01,49676.0,1355.0,2205.0,36.7,22528.8
abs,p5.3,2015-10-01,9663.0,809.0,1370.0,11.9,7053.3
abs,p5.4,2015-10-01,11057.0,305.0,496.0,36.3,22292.3
abs,p5.5,2015-10-01,15718.0,124.0,208.0,126.8,75567.3
abs,p5.6,2015-10-01,20322.0,207.0,350.0,98.2,58062.9
abs,p5.7,2015-10-01,13369.0,625.0,1016.0,21.4,13158.5
abs,p5.8,2015-10-01,42449.0,1412.0,2599.0,30.1,16332.8
abs,p0,2016-01-01,294329.0,8230.0,14096.0,35.8,20880.3
abs,p1,2016-01-01,21208.0,885.0,1696.0,24.0,12504.7
abs,p2,2016-01-01,26586.0,49.0,77.0,542.6,345272.7
abs,p3,2016-01-01,65146.0,1417.0,2373.0,46.0,27453.0
abs,p3.1,2016-01-01,5638.0,222.0,401.0,25.4,14059.9
abs,p3.2,2016-01-01,1689.0,10.0,17.0,168.9,99352.9
abs,p3.3,2016-01-01,1213.0,112.0,221.0,10.8,5488.7
abs,p3.4,2016-01-01,4619.0,190.0,306.0,24.3,15094.8
abs,p3.5,2016-01-01,19202.0,238.0,378.0,80.7,50798.9
abs,p3.6,2016-01-01,7582.0,201.0,331.0,37.7,22906.3
abs,p3.7,2016-01-01,19643.0,332.0,531.0,59.2,36992.5
abs,p3.8,2016-01-01,5559.0,112.0,188.0,49.6,29569.1
abs,p4,2016-01-01,14825.0,928.0,1549.0,16.0,9570.7
abs,p5,2016-01-01,162558.0,4951.0,8401.0,32.8,19349.8
abs,p5.1,2016-01-01,8153.0,61.0,100.0,133.7,81530.0
abs,p5.2,2016-01-01,45667.0,1382.0,2271.0,33.0,20108.8
abs,p5.3,2016-01-01,9305.0,801.0,1364.0,11.6,6821.8
abs,p5.4,2016-01-01,10789.0,327.0,527.0,33.0,20472.5
abs,p5.5,2016-01-01,16293.0,112.0,189.0,145.5,86206.3
abs,p5.6,2016-01-01,19815.0,197.0,348.0,100.6,56939.7
abs,p5.7,2016-01-01,13318.0,601.0,985.0,22.2,13520.8
abs,p5.8,2016-01-01,39218.0,1470.0,2618.0,26.7,14980.1
abs,p0,2016-04-01,301015.0,8327.0,14162.0,36.1,21255.1
abs,p1,2016-04-01,22617.0,914.0,1769.0,24.7,12785.2
abs,p2,2016-04-01,26313.0,50.0,79.0,526.3,333075.9
abs,p3,2016-04-01,68160.0,1451.0,2375.0,47.0,28698.9
abs,p3.1,2016-04-01,6227.0,226.0,407.0,27.6,15299.8
abs,p3.2,2016-04-01,2304.0,11.0,18.0,209.5,128000.0
abs,p3.3,2016-04-01,1446.0,118.0,219.0,12.3,6602.7
abs,p3.4,2016-04-01,4752.0,196.0,307.0,24.2,15478.8
abs,p3.5,2016-04-01,19881.0,241.0,380.0,82.5,52318.4
abs,p3.6,2016-04-01,8959.0,207.0,329.0,43.3,27231.0
abs,p3.7,2016-04-01,18034.0,340.0,533.0,53.0,33834.9
abs,p3.8,2016-04-01,6555.0,111.0,181.0,59.1,36215.5
abs,p4,2016-04-01,14083.0,895.0,1491.0,15.7,9445.3
abs,p5,2016-04-01,165993.0,5017.0,8447.0,33.1,19651.1
abs,p5.1,2016-04-01,8408.0,57.0,96.0,147.5,87583.3
abs,p5.2,2016-04-01,46902.0,1429.0,2335.0,32.8,20086.5
abs,p5.3,2016-04-01,9434.0,787.0,1369.0,12.0,6891.2
abs,p5.4,2016-04-01,10877.0,307.0,497.0,35.4,21885.3
abs,p5.5,2016-04-01,16888.0,122.0,205.0,138.4,82380.5
abs,p5.6,2016-04-01,19633.0,206.0,354.0,95.3,55460.5
abs,p5.7,2016-04-01,13667.0,642.0,1028.0,21.3,13294.7
abs,p5.8,2016-04-01,40185.0,1467.0,2563.0,27.4,15678.9
abs,p0,2016-07-01,311510.0,8257.0,14202.0,37.7,21934.2
abs,p1,2016-07-01,26404.0,995.0,1871.0,26.5,14112.2
abs,p2,2016-07-01,24927.0,45.0,74.0,553.9,336851.4
abs,p3,2016-07-01,68630.0,1450.0,2393.0,47.3,28679.5
abs,p3.1,2016-07-01,6601.0,234.0,410.0,28.2,16100.0
abs,p3.2,2016-07-01,2169.0,11.0,18.0,197.2,120500.0
abs,p3.3,2016-07-01,1317.0,113.0,221.0,11.7,5959.3
abs,p3.4,2016-07-01,4649.0,195.0,307.0,23.8,15143.3
abs,p3.5,2016-07-01,20997.0,241.0,381.0,87.1,55110.2
abs,p3.6,2016-07-01,8373.0,214.0,334.0,39.1,25068.9
abs,p3.7,2016-07-01,18215.0,328.0,537.0,55.5,33919.9
abs,p3.8,2016-07-01,6309.0,114.0,185.0,55.3,34102.7
abs,p4,2016-07-01,15478.0,862.0,1453.0,18.0,10652.4
abs,p5,2016-07-01,172206.0,4905.0,8412.0,35.1,20471.5
abs,p5.1,2016-07-01,8494.0,60.0,98.0,141.6,86673.5
abs,p5.2,2016-07-01,50293.0,1355.0,2248.0,37.1,22372.3
abs,p5.3,2016-07-01,9677.0,770.0,1343.0,12.6,7205.5
abs,p5.4,2016-07-01,11119.0,307.0,498.0,36.2,22327.3
abs,p5.5,2016-07-01,17194.0,127.0,213.0,135.4,80723.0
abs,p5.6,2016-07-01,20274.0,202.0,349.0,100.4,58091.7
abs,p5.7,2016-07-01,13649.0,623.0,1019.0,21.9,13394.5
abs,p5.8,2016-07-01,41507.0,1462.0,2643.0,28.4,15704.5
abs,p0,2016-10-01,322458.0,8385.0,14261.0,38.5,22611.2
abs,p1,2016-10-01,23748.0,947.0,1765.0,25.1,13455.0
abs,p2,2016-10-01,27542.0,46.0,75.0,598.7,367226.7
abs,p3,2016-10-01,71962.0,1490.0,2424.0,48.3,29687.3
abs,p3.1,2016-10-01,7102.0,239.0,410.0,29.7,17322.0
abs,p3.2,2016-10-01,1947.0,11.0,18.0,177.0,108166.7
abs,p3.3,2016-10-01,1288.0,117.0,226.0,11.0,5699.1
abs,p3.4,2016-10-01,4750.0,199.0,307.0,23.9,15472.3
abs,p3.5,2016-10-01,21636.0,246.0,387.0,88.0,55907.0
abs,p3.6,2016-10-01,7992.0,210.0,340.0,38.1,23505.9
abs,p3.7,2016-10-01,19663.0,343.0,546.0,57.3,36012.8
abs,p3.8,2016-10-01,7584.0,124.0,191.0,61.2,39706.8
abs,p4,2016-10-01,15121.0,915.0,1502.0,16.5,10067.2
abs,p5,2016-10-01,179805.0,4986.0,8495.0,36.1,21166.0
abs,p5.1,2016-10-01,8358.0,61.0,101.0,137.0,82752.5
abs,p5.2,2016-10-01,52845.0,1390.0,2265.0,38.0,23331.1
abs,p5.3,2016-10-01,10415.0,817.0,1395.0,12.7,7465.9
abs,p5.4,2016-10-01,11678.0,328.0,529.0,35.6,22075.6
abs,p5.5,2016-10-01,16927.0,122.0,205.0,138.7,82570.7
abs,p5.6,2016-10-01,20999.0,205.0,353.0,102.4,59487.3
abs,p5.7,2016-10-01,14331.0,637.0,1047.0,22.5,13687.7
abs,p5.8,2016-10-01,44251.0,1427.0,2600.0,31.0,17019.6
abs,p0,2017-01-01,310744.0,8459.0,14356.0,36.7,21645.6
abs,p1,2017-01-01,22608.0,922.0,1767.0,24.5,12794.6
abs,p2,2017-01-01,26845.0,53.0,86.0,506.5,312151.2
abs,p3,2017-01-01,69022.0,1503.0,2438.0,45.9,28310.9
abs,p3.1,2017-01-01,6118.0,247.0,420.0,24.8,14566.7
abs,p3.2,2017-01-01,1835.0,11.0,18.0,166.8,101944.4
abs,p3.3,2017-01-01,1299.0,116.0,226.0,11.2,5747.8
abs,p3.4,2017-01-01,5040.0,197.0,304.0,25.6,16578.9
abs,p3.5,2017-01-01,19788.0,245.0,390.0,80.8,50738.5
abs,p3.6,2017-01-01,7868.0,226.0,352.0,34.8,22352.3
abs,p3.7,2017-01-01,21136.0,346.0,541.0,61.1,39068.4
abs,p3.8,2017-01-01,5939.0,114.0,186.0,52.1,31930.1
abs,p4,2017-01-01,15832.0,874.0,1467.0,18.1,10792.1
abs,p5,2017-01-01,172090.0,5107.0,8599.0,33.7,20012.8
abs,p5.1,2017-01-01,8340.0,60.0,100.0,139.0,83400.0
abs,p5.2,2017-01-01,48641.0,1453.0,2378.0,33.5,20454.6
abs,p5.3,2017-01-01,9982.0,828.0,1383.0,12.1,7217.6
abs,p5.4,2017-01-01,11452.0,326.0,530.0,35.1,21607.5
abs,p5.5,2017-01-01,17667.0,120.0,203.0,147.2,87029.6
abs,p5.6,2017-01-01,20523.0,204.0,357.0,100.6,57487.4
abs,p5.7,2017-01-01,14303.0,627.0,1038.0,22.8,13779.4
abs,p5.8,2017-01-01,41183.0,1488.0,2609.0,27.7,15785.0
abs,p0,2017-04-01,318231.0,8407.0,14415.0,37.9,22076.4
abs,p1,2017-04-01,23644.0,1006.0,1897.0,23.5,12463.9
abs,p2,2017-04-01,26187.0,49.0,82.0,534.4,319353.7
abs,p3,2017-04-01,72242.0,1459.0,2413.0,49.5,29938.7
abs,p3.1,2017-04-01,6984.0,230.0,407.0,30.4,17159.7
abs,p3.2,2017-04-01,2451.0,11.0,18.0,222.8,136166.7
abs,p3.3,2017-04-01,1553.0,118.0,219.0,13.2,7091.3
abs,p3.4,2017-04-01,5007.0,184.0,302.0,27.2,16579.5
abs,p3.5,2017-04-01,20521.0,245.0,386.0,83.8,53163.2
abs,p3.6,2017-04-01,9326.0,220.0,350.0,42.4,26645.7
abs,p3.7,2017-04-01,19617.0,336.0,539.0,58.4,36395.2
abs,p3.8,2017-04-01,6782.0,116.0,192.0,58.5,35322.9
abs,p4,2017-04-01,15253.0,890.0,1486.0,17.1,10264.5
abs,p5,2017-04-01,176593.0,5003.0,8537.0,35.3,20685.6
abs,p5.1,2017-04-01,8592.0,57.0,96.0,150.7,89500.0
abs,p5.2,2017-04-01,50558.0,1465.0,2391.0,34.5,21145.1
abs,p5.3,2017-04-01,10131.0,794.0,1388.0,12.8,7299.0
abs,p5.4,2017-04-01,11560.0,305.0,501.0,37.9,23073.9
abs,p5.5,2017-04-01,18374.0,130.0,214.0,141.3,85859.8
abs,p5.6,2017-04-01,20650.0,206.0,360.0,100.2,57361.1
abs,p5.7,2017-04-01,14713.0,600.0,992.0,24.5,14831.7
abs,p5.8,2017-04-01,42015.0,1446.0,2593.0,29.1,16203.2
abs,p0,2017-07-01,330664.0,8526.0,14484.0,38.8,22829.6
abs,p1,2017-07-01,27266.0,999.0,1849.0,27.3,14746.3
abs,p2,2017-07-01,25500.0,50.0,83.0,510.0,307228.9
abs,p3,2017-07-01,73442.0,1481.0,2434.0,49.6,30173.4
abs,p3.1,2017-07-01,7440.0,241.0,415.0,30.9,17927.7
abs,p3.2,2017-07-01,2258.0,12.0,18.0,188.2,125444.4
abs,p3.3,2017-07-01,1434.0,113.0,224.0,12.7,6401.8
abs,p3.4,2017-07-01,4791.0,190.0,300.0,25.2,15970.0
abs,p3.5,2017-07-01,22067.0,246.0,387.0,89.7,57020.7
abs,p3.6,2017-07-01,8935.0,224.0,354.0,39.9,25240.1
abs,p3.7,2017-07-01,19722.0,341.0,545.0,57.8,36187.2
abs,p3.8,2017-07-01,6794.0,114.0,190.0,59.6,35757.9
abs,p4,2017-07-01,16431.0,890.0,1471.0,18.5,11170.0
abs,p5,2017-07-01,183517.0,5106.0,8647.0,35.9,21223.2
abs,p5.1,2017-07-01,8744.0,57.0,97.0,153.4,90144.3
abs,p5.2,2017-07-01,54099.0,1444.0,2378.0,37.5,22749.8
abs,p5.3,2017-07-01,10413.0,824.0,1395.0,12.6,7464.5
abs,p5.4,2017-07-01,11826.0,310.0,503.0,38.1,23510.9
abs,p5.5,2017-07-01,18739.0,136.0,223.0,137.8,84031.4
abs,p5.6,2017-07-01,21143.0,212.0,366.0,99.7,57767.8
abs,p5.7,2017-07-01,14685.0,687.0,1110.0,21.4,13229.7
abs,p5.8,2017-07-01,43867.0,1436.0,2573.0,30.5,17049.0
abs,p0,2017-10-01,341129.0,8485.0,14581.0,40.2,23395.4
abs,p1,2017-10-01,25990.0,966.0,1844.0,26.9,14094.4
abs,p2,2017-10-01,27305.0,44.0,71.0,620.6,384577.5
abs,p3,2017-10-01,75758.0,1501.0,2478.0,50.5,30572.2
abs,p3.1,2017-10-01,7878.0,228.0,422.0,34.6,18668.2
abs,p3.2,2017-10-01,2055.0,11.0,19.0,186.8,108157.9
abs,p3.3,2017-10-01,1396.0,116.0,230.0,12.0,6069.6
abs,p3.4,2017-10-01,4819.0,190.0,301.0,25.4,16010.0
abs,p3.5,2017-10-01,22621.0,261.0,393.0,86.7,57559.8
abs,p3.6,2017-10-01,8388.0,221.0,355.0,38.0,23628.2
abs,p3.7,2017-10-01,20742.0,347.0,556.0,59.8,37305.8
abs,p3.8,2017-10-01,7859.0,125.0,203.0,62.9,38714.3
abs,p4,2017-10-01,16006.0,948.0,1566.0,16.9,10220.9
abs,p5,2017-10-01,191161.0,5026.0,8621.0,38.0,22173.9
abs,p5.1,2017-10-01,8720.0,60.0,101.0,145.3,86336.6
abs,p5.2,2017-10-01,56587.0,1441.0,2348.0,39.3,24100.1
abs,p5.3,2017-10-01,11222.0,851.0,1447.0,13.2,7755.4
abs,p5.4,2017-10-01,12375.0,323.0,531.0,38.3,23305.1
abs,p5.5,2017-10-01,18334.0,133.0,221.0,137.8,82959.3
abs,p5.6,2017-10-01,22215.0,210.0,363.0,105.8,61198.3
abs,p5.7,2017-10-01,15431.0,659.0,1080.0,23.4,14288.0
abs,p5.8,2017-10-01,46278.0,1348.0,2530.0,34.3,18291.7
abs,p0,2018-01-01,327096.0,8558.0,14684.0,38.2,22275.7
abs,p1,2018-01-01,23298.0,966.0,1841.0,24.1,12655.1
abs,p2,2018-01-01,26189.0,48.0,79.0,545.6,331506.3
abs,p3,2018-01-01,72643.0,1510.0,2483.0,48.1,29256.1
abs,p3.1,2018-01-01,6680.0,233.0,425.0,28.7,15717.6
abs,p3.2,2018-01-01,1860.0,12.0,19.0,155.0,97894.7
abs,p3.3,2018-01-01,1385.0,130.0,247.0,10.7,5607.3
abs,p3.4,2018-01-01,5242.0,197.0,299.0,26.6,17531.8
abs,p3.5,2018-01-01,20751.0,253.0,394.0,82.0,52667.5
abs,p3.6,2018-01-01,8285.0,222.0,362.0,37.3,22886.7
abs,p3.7,2018-01-01,22370.0,346.0,549.0,64.7,40746.8
abs,p3.8,2018-01-01,6069.0,117.0,188.0,51.9,32281.9
abs,p4,2018-01-01,16604.0,917.0,1526.0,18.1,10880.7
abs,p5,2018-01-01,183367.0,5116.0,8754.0,35.8,20946.7
abs,p5.1,2018-01-01,8709.0,59.0,100.0,147.6,87090.0
abs,p5.2,2018-01-01,51979.0,1468.0,2407.0,35.4,21594.9
abs,p5.3,2018-01-01,10770.0,856.0,1463.0,12.6,7361.6
abs,p5.4,2018-01-01,12103.0,331.0,536.0,36.6,22580.2
abs,p5.5,2018-01-01,19104.0,128.0,210.0,149.2,90971.4
abs,p5.6,2018-01-01,22032.0,204.0,359.0,108.0,61370.5
abs,p5.7,2018-01-01,15387.0,663.0,1092.0,23.2,14090.7
abs,p5.8,2018-01-01,43284.0,1408.0,2587.0,30.7,16731.3
abs,p0,2018-04-01,333438.0,8486.0,14767.0,39.3,22579.9
abs,p1,2018-04-01,23292.0,958.0,1826.0,24.3,12755.8
abs,p2,2018-04-01,25853.0,45.0,76.0,574.5,340171.1
abs,p3,2018-04-01,75745.0,1491.0,2493.0,50.8,30383.1
abs,p3.1,2018-04-01,7296.0,235.0,427.0,31.0,17086.7
abs,p3.2,2018-04-01,2532.0,12.0,19.0,211.0,133263.2
abs,p3.3,2018-04-01,1616.0,127.0,240.0,12.7,6733.3
abs,p3.4,2018-04-01,5176.0,197.0,301.0,26.3,17196.0
abs,p3.5,2018-04-01,21311.0,247.0,395.0,86.3,53951.9
abs,p3.6,2018-04-01,9811.0,222.0,361.0,44.2,27177.3
abs,p3.7,2018-04-01,20810.0,338.0,560.0,61.6,37160.7
abs,p3.8,2018-04-01,7193.0,114.0,190.0,63.1,37857.9
abs,p4,2018-04-01,15985.0,888.0,1495.0,18.0,10692.3
abs,p5,2018-04-01,188290.0,5104.0,8876.0,36.9,21213.4
abs,p5.1,2018-04-01,9024.0,59.0,100.0,152.9,90240.0
abs,p5.2,2018-04-01,54324.0,1491.0,2479.0,36.4,21913.7
abs,p5.3,2018-04-01,11049.0,847.0,1510.0,13.0,7317.2
abs,p5.4,2018-04-01,12291.0,309.0,513.0,39.8,23959.1
abs,p5.5,2018-04-01,19938.0,131.0,220.0,152.2,90627.3
abs,p5.6,2018-04-01,21636.0,216.0,375.0,100.2,57696.0
abs,p5.7,2018-04-01,15893.0,640.0,1069.0,24.8,14867.2
abs,p5.8,2018-04-01,44135.0,1412.0,2611.0,31.3,16903.5
abs,p0,2018-07-01,345685.0,8636.0,14857.0,40.0,23267.5
abs,p1,2018-07-01,27089.0,973.0,1861.0,27.8,14556.2
abs,p2,2018-07-01,24238.0,49.0,78.0,494.7,310743.6
abs,p3,2018-07-01,77131.0,1515.0,2499.0,50.9,30864.7
abs,p3.1,2018-07-01,7619.0,247.0,430.0,30.8,17718.6
abs,p3.2,2018-07-01,2329.0,12.0,19.0,194.1,122578.9
abs,p3.3,2018-07-01,1476.0,116.0,232.0,12.7,6362.1
abs,p3.4,2018-07-01,5094.0,191.0,304.0,26.7,16756.6
abs,p3.5,2018-07-01,22932.0,253.0,394.0,90.6,58203.0
abs,p3.6,2018-07-01,9400.0,224.0,360.0,42.0,26111.1
abs,p3.7,2018-07-01,20966.0,356.0,568.0,58.9,36912.0
abs,p3.8,2018-07-01,7315.0,116.0,191.0,63.1,38298.4
abs,p4,2018-07-01,17206.0,890.0,1491.0,19.3,11539.9
abs,p5,2018-07-01,196947.0,5210.0,8928.0,37.8,22059.5
abs,p5.1,2018-07-01,9217.0,60.0,101.0,153.6,91257.4
abs,p5.2,2018-07-01,59307.0,1497.0,2475.0,39.6,23962.4
abs,p5.3,2018-07-01,11391.0,893.0,1517.0,12.8,7508.9
abs,p5.4,2018-07-01,12616.0,314.0,514.0,40.2,24544.7
abs,p5.5,2018-07-01,20296.0,134.0,227.0,151.5,89409.7
abs,p5.6,2018-07-01,22345.0,214.0,372.0,104.4,60067.2
abs,p5.7,2018-07-01,15840.0,665.0,1102.0,23.8,14373.9
abs,p5.8,2018-07-01,45935.0,1433.0,2620.0,32.1,17532.4
abs,p0,2018-10-01,357547.0,8632.0,14933.0,41.4,23943.4
abs,p1,2018-10-01,25958.0,973.0,1848.0,26.7,14046.5
abs,p2,2018-10-01,27277.0,44.0,69.0,619.9,395318.8
abs,p3,2018-10-01,79324.0,1526.0,2531.0,52.0,31341.0
abs,p3.1,2018-10-01,7874.0,240.0,434.0,32.8,18142.9
abs,p3.2,2018-10-01,2098.0,12.0,19.0,174.8,110421.1
abs,p3.3,2018-10-01,1450.0,121.0,239.0,12.0,6066.9
abs,p3.4,2018-10-01,5057.0,189.0,305.0,26.8,16580.3
abs,p3.5,2018-10-01,23425.0,261.0,398.0,89.8,58856.8
abs,p3.6,2018-10-01,8728.0,224.0,360.0,39.0,24244.4
abs,p3.7,2018-10-01,22171.0,353.0,572.0,62.8,38760.5
abs,p3.8,2018-10-01,8522.0,127.0,206.0,67.1,41368.9
abs,p4,2018-10-01,16399.0,920.0,1525.0,17.8,10753.4
abs,p5,2018-10-01,204386.0,5169.0,8961.0,39.5,22808.4
abs,p5.1,2018-10-01,9158.0,61.0,104.0,150.1,88057.7
abs,p5.2,2018-10-01,61556.0,1478.0,2434.0,41.6,25290.1
abs,p5.3,2018-10-01,12293.0,928.0,1575.0,13.2,7805.1
abs,p5.4,2018-10-01,13200.0,335.0,540.0,39.4,24444.4
abs,p5.5,2018-10-01,19773.0,140.0,237.0,141.2,83430.4
abs,p5.6,2018-10-01,23075.0,212.0,367.0,108.8,62874.7
abs,p5.7,2018-10-01,16625.0,659.0,1106.0,25.2,15031.6
abs,p5.8,2018-10-01,48707.0,1357.0,2597.0,35.9,18755.1
abs,p0,2019-01-01,342373.0,8730.0,15010.0,39.2,22809.7
abs,p1,2019-01-01,24707.0,993.0,1881.0,24.9,13135.0
abs,p2,2019-01-01,26216.0,47.0,76.0,557.8,344947.4
abs,p3,2019-01-01,75627.0,1520.0,2535.0,49.8,29833.1
abs,p3.1,2019-01-01,7020.0,248.0,437.0,28.3,16064.1
abs,p3.2,2019-01-01,1946.0,12.0,20.0,162.2,97300.0
abs,p3.3,2019-01-01,1450.0,130.0,256.0,11.2,5664.1
abs,p3.4,2019-01-01,5530.0,189.0,305.0,29.3,18131.1
abs,p3.5,2019-01-01,21385.0,247.0,398.0,86.6,53731.2
abs,p3.6,2019-01-01,8620.0,228.0,362.0,37.8,23812.2
abs,p3.7,2019-01-01,23189.0,349.0,566.0,66.4,40970.0
abs,p3.8,2019-01-01,6486.0,117.0,191.0,55.4,33958.1
abs,p4,2019-01-01,16704.0,880.0,1464.0,19.0,11409.8
abs,p5,2019-01-01,195144.0,5290.0,9054.0,36.9,21553.3
abs,p5.1,2019-01-01,9329.0,61.0,102.0,152.9,91460.8
abs,p5.2,2019-01-01,55776.0,1488.0,2486.0,37.5,22436.0
abs,p5.3,2019-01-01,11793.0,938.0,1585.0,12.6,7440.4
abs,p5.4,2019-01-01,12902.0,337.0,551.0,38.3,23415.6
abs,p5.5,2019-01-01,20468.0,132.0,221.0,155.1,92615.4
abs,p5.6,2019-01-01,23050.0,214.0,369.0,107.7,62466.1
abs,p5.7,2019-01-01,16548.0,676.0,1127.0,24.5,14683.2
abs,p5.8,2019-01-01,45279.0,1443.0,2614.0,31.4,17321.7
abs,p0,2019-04-01,349910.0,8693.0,15078.0,40.3,23206.7
abs,p1,2019-04-01,24266.0,977.0,1862.0,24.8,13032.2
abs,p2,2019-04-01,26483.0,46.0,77.0,575.7,343935.1
abs,p3,2019-04-01,79005.0,1518.0,2539.0,52.0,31116.6
abs,p3.1,2019-04-01,7623.0,249.0,436.0,30.6,17483.9
abs,p3.2,2019-04-01,2643.0,12.0,20.0,220.2,132150.0
abs,p3.3,2019-04-01,1710.0,127.0,252.0,13.5,6785.7
abs,p3.4,2019-04-01,5460.0,194.0,305.0,28.1,17901.6
abs,p3.5,2019-04-01,22002.0,250.0,402.0,88.0,54731.3
abs,p3.6,2019-04-01,10234.0,223.0,361.0,45.9,28349.0
abs,p3.7,2019-04-01,21648.0,347.0,572.0,62.4,37846.2
abs,p3.8,2019-04-01,7684.0,116.0,192.0,66.2,40020.8
abs,p4,2019-04-01,16161.0,864.0,1456.0,18.7,11099.6
abs,p5,2019-04-01,199852.0,5287.0,9143.0,37.8,21858.5
abs,p5.1,2019-04-01,9610.0,60.0,102.0,160.2,94215.7
abs,p5.2,2019-04-01,58053.0,1537.0,2562.0,37.8,22659.3
abs,p5.3,2019-04-01,12075.0,925.0,1621.0,13.1,7449.1
abs,p5.4,2019-04-01,13157.0,319.0,526.0,41.2,25013.3
abs,p5.5,2019-04-01,21164.0,136.0,233.0,155.6,90832.6
abs,p5.6,2019-04-01,22676.0,216.0,379.0,105.0,59831.1
abs,p5.7,2019-04-01,17160.0,659.0,1104.0,26.0,15543.5
abs,p5.8,2019-04-01,45957.0,1435.0,2617.0,32.0,17560.9
abs,p0,2019-07-01,361117.0,8788.0,15162.0,41.1,23817.2
abs,p1,2019-07-01,28082.0,993.0,1892.0,28.3,14842.5
abs,p2,2019-07-01,23567.0,48.0,79.0,491.0,298316.5
abs,p3,2019-07-01,79922.0,1526.0,2550.0,52.4,31342.0
abs,p3.1,2019-07-01,7807.0,253.0,440.0,30.9,17743.2
abs,p3.2,2019-07-01,2416.0,12.0,19.0,201.3,127157.9
abs,p3.3,2019-07-01,1558.0,125.0,247.0,12.5,6307.7
abs,p3.4,2019-07-01,5386.0,192.0,308.0,28.1,17487.0
abs,p3.5,2019-07-01,23570.0,250.0,402.0,94.3,58631.8
abs,p3.6,2019-07-01,9793.0,225.0,363.0,43.5,26978.0
abs,p3.7,2019-07-01,21598.0,353.0,578.0,61.2,37366.8
abs,p3.8,2019-07-01,7795.0,117.0,192.0,66.6,40599.0
abs,p4,2019-07-01,16967.0,862.0,1439.0,19.7,11790.8
abs,p5,2019-07-01,208474.0,5358.0,9202.0,38.9,22655.3
abs,p5.1,2019-07-01,9732.0,61.0,103.0,159.5,94485.4
abs,p5.2,2019-07-01,63277.0,1545.0,2554.0,41.0,24775.6
abs,p5.3,2019-07-01,12450.0,952.0,1631.0,13.1,7633.4
abs,p5.4,2019-07-01,13472.0,323.0,527.0,41.7,25563.6
abs,p5.5,2019-07-01,21504.0,140.0,240.0,153.6,89600.0
abs,p5.6,2019-07-01,23317.0,216.0,377.0,107.9,61848.8
abs,p5.7,2019-07-01,17069.0,676.0,1135.0,25.2,15038.8
abs,p5.8,2019-07-01,47653.0,1444.0,2636.0,33.0,18077.8
abs,p0,2019-10-01,370552.0,8815.0,15255.0,42.0,24290.5
abs,p1,2019-10-01,24519.0,975.0,1857.0,25.1,13203.6
abs,p2,2019-10-01,26622.0,43.0,70.0,619.1,380314.3
abs,p3,2019-10-01,81729.0,1554.0,2588.0,52.6,31580.0
abs,p3.1,2019-10-01,7997.0,251.0,444.0,31.9,18011.3
abs,p3.2,2019-10-01,2177.0,12.0,19.0,181.4,114578.9
abs,p3.3,2019-10-01,1534.0,134.0,255.0,11.4,6015.7
abs,p3.4,2019-10-01,5308.0,191.0,310.0,27.8,17122.6
abs,p3.5,2019-10-01,24025.0,257.0,407.0,93.5,59029.5
abs,p3.6,2019-10-01,9069.0,228.0,364.0,39.8,24914.8
abs,p3.7,2019-10-01,22698.0,354.0,583.0,64.1,38933.1
abs,p3.8,2019-10-01,8921.0,127.0,207.0,70.2,43096.6
abs,p4,2019-10-01,16620.0,891.0,1493.0,18.7,11131.9
abs,p5,2019-10-01,217106.0,5351.0,9246.0,40.6,23481.1
abs,p5.1,2019-10-01,9656.0,62.0,106.0,155.7,91094.3
abs,p5.2,2019-10-01,65599.0,1522.0,2514.0,43.1,26093.5
abs,p5.3,2019-10-01,13504.0,992.0,1694.0,13.6,7971.7
abs,p5.4,2019-10-01,14101.0,341.0,554.0,41.4,25453.1
abs,p5.5,2019-10-01,21090.0,148.0,250.0,142.5,84360.0
abs,p5.6,2019-10-01,24315.0,217.0,374.0,112.1,65013.4
abs,p5.7,2019-10-01,17985.0,683.0,1140.0,26.3,15776.3
abs,p5.8,2019-10-01,50858.0,1386.0,2614.0,36.7,19456.0
abs,p0,2020-01-01,344690.0,8611.0,15243.0,40.0,22613.0
abs,p1,2020-01-01,22532.0,975.0,1883.0,23.1,11966.0
abs,p2,2020-01-01,25460.0,45.0,74.0,565.8,344054.1
abs,p3,2020-01-01,76635.0,1509.0,2576.0,50.8,29749.6
abs,p3.1,2020-01-01,6779.0,251.0,445.0,27.0,15233.7
abs,p3.2,2020-01-01,1920.0,12.0,20.0,160.0,96000.0
abs,p3.3,2020-01-01,1502.0,136.0,267.0,11.0,5625.5
abs,p3.4,2020-01-01,5599.0,186.0,307.0,30.1,18237.8
abs,p3.5,2020-01-01,22202.0,246.0,406.0,90.3,54684.7
abs,p3.6,2020-01-01,8617.0,223.0,363.0,38.6,23738.3
abs,p3.7,2020-01-01,23641.0,340.0,576.0,69.5,41043.4
abs,p3.8,2020-01-01,6376.0,115.0,191.0,55.4,33382.2
abs,p4,2020-01-01,15377.0,824.0,1424.0,18.7,10798.5
abs,p5,2020-01-01,201339.0,5257.0,9284.0,38.3,21686.7
abs,p5.1,2020-01-01,9350.0,60.0,104.0,155.8,89903.8
abs,p5.2,2020-01-01,56956.0,1485.0,2544.0,38.4,22388.4
abs,p5.3,2020-01-01,11981.0,947.0,1686.0,12.7,7106.2
abs,p5.4,2020-01-01,12706.0,331.0,564.0,38.4,22528.4
abs,p5.5,2020-01-01,21830.0,136.0,231.0,160.5,94502.2
abs,p5.6,2020-01-01,24231.0,210.0,374.0,115.4,64788.8
abs,p5.7,2020-01-01,17163.0,680.0,1154.0,25.2,14872.6
abs,p5.8,2020-01-01,47121.0,1408.0,2627.0,33.5,17937.2
abs,p0,2020-04-01,290686.0,6237.0,14884.0,46.6,19530.1
abs,p1,2020-04-01,24421.0,849.0,1852.0,28.8,13186.3
abs,p2,2020-04-01,21387.0,35.0,75.0,611.1,285160.0
abs,p3,2020-04-01,64343.0,1077.0,2506.0,59.7,25675.6
abs,p3.1,2020-04-01,8291.0,201.0,443.0,41.2,18715.6
abs,p3.2,2020-04-01,1294.0,9.0,17.0,143.8,76117.6
abs,p3.3,2020-04-01,997.0,110.0,244.0,9.1,4086.1
abs,p3.4,2020-04-01,3683.0,112.0,290.0,32.9,12700.0
abs,p3.5,2020-04-01,19067.0,200.0,404.0,95.3,47195.5
abs,p3.6,2020-04-01,6129.0,152.0,360.0,40.3,17025.0
abs,p3.7,2020-04-01,19724.0,233.0,568.0,84.7,34725.4
abs,p3.8,2020-04-01,5157.0,60.0,180.0,86.0,28650.0
abs,p4,2020-04-01,9003.0,495.0,1364.0,18.2,6600.4
abs,p5,2020-04-01,168097.0,3781.0,9087.0,44.5,18498.6
abs,p5.1,2020-04-01,9041.0,45.0,103.0,200.9,87776.7
abs,p5.2,2020-04-01,44696.0,1083.0,2557.0,41.3,17479.9
abs,p5.3,2020-04-01,7116.0,639.0,1580.0,11.1,4503.8
abs,p5.4,2020-04-01,7269.0,200.0,523.0,36.3,13898.7
abs,p5.5,2020-04-01,22162.0,94.0,240.0,235.8,92341.7
abs,p5.6,2020-04-01,21382.0,168.0,379.0,127.3,56416.9
abs,p5.7,2020-04-01,12982.0,466.0,1113.0,27.9,11664.0
abs,p5.8,2020-04-01,43448.0,1087.0,2591.0,40.0,16768.8
abs,p0,2020-07-01,352137.0,8545.0,15096.0,41.2,23326.5
abs,p1,2020-07-01,27938.0,982.0,1877.0,28.5,14884.4
abs,p2,2020-07-01,22009.0,47.0,78.0,468.3,282166.7
abs,p3,2020-07-01,82446.0,1473.0,2540.0,56.0,32459.1
abs,p3.1,2020-07-01,8354.0,245.0,447.0,34.1,18689.0
abs,p3.2,2020-07-01,2357.0,11.0,17.0,214.3,138647.1
abs,p3.3,2020-07-01,1426.0,125.0,244.0,11.4,5844.3
abs,p3.4,2020-07-01,5369.0,178.0,298.0,30.2,18016.8
abs,p3.5,2020-07-01,24068.0,247.0,411.0,97.4,58559.6
abs,p3.6,2020-07-01,9151.0,215.0,362.0,42.6,25279.0
abs,p3.7,2020-07-01,23557.0,343.0,575.0,68.7,40968.7
abs,p3.8,2020-07-01,8164.0,110.0,185.0,74.2,44129.7
abs,p4,2020-07-01,14890.0,830.0,1404.0,17.9,10605.4
abs,p5,2020-07-01,201009.0,5213.0,9197.0,38.6,21855.9
abs,p5.1,2020-07-01,9736.0,60.0,103.0,162.3,94524.3
abs,p5.2,2020-07-01,61931.0,1501.0,2577.0,41.3,24032.2
abs,p5.3,2020-07-01,8741.0,871.0,1593.0,10.0,5487.1
abs,p5.4,2020-07-01,11237.0,310.0,523.0,36.2,21485.7
abs,p5.5,2020-07-01,22622.0,145.0,248.0,156.0,91217.7
abs,p5.6,2020-07-01,24659.0,212.0,379.0,116.3,65063.3
abs,p5.7,2020-07-01,14456.0,658.0,1139.0,22.0,12691.8
abs,p5.8,2020-07-01,47627.0,1456.0,2634.0,32.7,18081.6
abs,p0,2020-10-01,358736.0,8578.0,15162.0,41.8,23660.2
abs,p1,2020-10-01,24218.0,972.0,1851.0,24.9,13083.7
abs,p2,2020-10-01,24023.0,41.0,68.0,585.9,353279.4
abs,p3,2020-10-01,84182.0,1510.0,2584.0,55.7,32578.2
abs,p3.1,2020-10-01,7457.0,254.0,458.0,29.4,16281.7
abs,p3.2,2020-10-01,2137.0,10.0,17.0,213.7,125705.9
abs,p3.3,2020-10-01,1519.0,133.0,250.0,11.4,6076.0
abs,p3.4,2020-10-01,5424.0,177.0,302.0,30.6,17960.3
abs,p3.5,2020-10-01,24747.0,252.0,418.0,98.2,59203.3
abs,p3.6,2020-10-01,8900.0,223.0,367.0,39.9,24250.7
abs,p3.7,2020-10-01,24439.0,347.0,583.0,70.4,41919.4
abs,p3.8,2020-10-01,9558.0,115.0,189.0,83.1,50571.4
abs,p4,2020-10-01,14346.0,823.0,1404.0,17.4,10217.9
abs,p5,2020-10-01,207248.0,5232.0,9255.0,39.6,22393.1
abs,p5.1,2020-10-01,9823.0,60.0,106.0,163.7,92669.8
abs,p5.2,2020-10-01,64978.0,1501.0,2551.0,43.3,25471.6
abs,p5.3,2020-10-01,8700.0,913.0,1644.0,9.5,5292.0
abs,p5.4,2020-10-01,10865.0,318.0,546.0,34.2,19899.3
abs,p5.5,2020-10-01,22589.0,149.0,254.0,151.6,88933.1
abs,p5.6,2020-10-01,25830.0,212.0,373.0,121.8,69249.3
abs,p5.7,2020-10-01,14165.0,665.0,1141.0,21.3,12414.5
abs,p5.8,2020-10-01,50299.0,1412.0,2639.0,35.6,19059.9
abs,p0,2021-01-01,343912.0,8538.0,15237.0,40.3,22570.8
abs,p1,2021-01-01,22557.0,983.0,1870.0,22.9,12062.6
abs,p2,2021-01-01,24630.0,44.0,74.0,559.8,332837.8
abs,p3,2021-01-01,81682.0,1488.0,2604.0,54.9,31367.9
abs,p3.1,2021-01-01,6760.0,247.0,461.0,27.4,14663.8
abs,p3.2,2021-01-01,2005.0,10.0,18.0,200.5,111388.9
abs,p3.3,2021-01-01,1531.0,133.0,263.0,11.5,5821.3
abs,p3.4,2021-01-01,5822.0,173.0,303.0,33.7,19214.5
abs,p3.5,2021-01-01,23838.0,253.0,424.0,94.2,56221.7
abs,p3.6,2021-01-01,8694.0,223.0,372.0,39.0,23371.0
abs,p3.7,2021-01-01,26146.0,338.0,576.0,77.4,45392.4
abs,p3.8,2021-01-01,6886.0,111.0,189.0,62.0,36433.9
abs,p4,2021-01-01,13766.0,809.0,1391.0,17.0,9896.5
abs,p5,2021-01-01,197340.0,5214.0,9298.0,37.8,21223.9
abs,p5.1,2021-01-01,9523.0,60.0,106.0,158.7,89839.6
abs,p5.2,2021-01-01,57840.0,1476.0,2578.0,39.2,22436.0
abs,p5.3,2021-01-01,8357.0,902.0,1630.0,9.3,5127.0
abs,p5.4,2021-01-01,10596.0,327.0,556.0,32.4,19057.6
abs,p5.5,2021-01-01,23142.0,140.0,241.0,165.3,96024.9
abs,p5.6,2021-01-01,26940.0,213.0,375.0,126.5,71840.0
abs,p5.7,2021-01-01,14223.0,651.0,1126.0,21.8,12631.4
abs,p5.8,2021-01-01,46720.0,1445.0,2685.0,32.3,17400.4
abs,p0,2021-04-01,338160.0,8312.0,15207.0,40.7,22237.1
abs,p1,2021-04-01,24050.0,991.0,1886.0,24.3,12751.9
abs,p2,2021-04-01,24073.0,43.0,74.0,559.8,325310.8
abs,p3,2021-04-01,81516.0,1424.0,2577.0,57.2,31632.1
abs,p3.1,2021-04-01,8117.0,248.0,464.0,32.7,17493.5
abs,p3.2,2021-04-01,2004.0,10.0,17.0,200.4,117882.4
abs,p3.3,2021-04-01,1381.0,125.0,258.0,11.0,5352.7
abs,p3.4,2021-04-01,5109.0,154.0,286.0,33.2,17863.6
abs,p3.5,2021-04-01,24441.0,250.0,425.0,97.8,57508.2
abs,p3.6,2021-04-01,8162.0,202.0,358.0,40.4,22798.9
abs,p3.7,2021-04-01,24918.0,330.0,585.0,75.5,42594.9
abs,p3.8,2021-04-01,7384.0,105.0,183.0,70.3,40349.7
abs,p4,2021-04-01,12634.0,754.0,1390.0,16.8,9089.2
abs,p5,2021-04-01,191669.0,5101.0,9279.0,37.6,20656.2
abs,p5.1,2021-04-01,9703.0,58.0,105.0,167.3,92409.5
abs,p5.2,2021-04-01,54297.0,1436.0,2590.0,37.8,20964.1
abs,p5.3,2021-04-01,7765.0,884.0,1634.0,8.8,4752.1
abs,p5.4,2021-04-01,9996.0,301.0,522.0,33.2,19149.4
abs,p5.5,2021-04-01,23399.0,143.0,247.0,163.6,94732.8
abs,p5.6,2021-04-01,26299.0,211.0,375.0,124.6,70130.7
abs,p5.7,2021-04-01,13393.0,635.0,1122.0,21.1,11936.7
abs,p5.8,2021-04-01,46816.0,1433.0,2683.0,32.7,17449.1
abs,p0,2021-07-01,337421.0,8214.0,15275.0,41.1,22089.8
abs,p1,2021-07-01,27315.0,997.0,1889.0,27.4,14460.0
abs,p2,2021-07-01,21207.0,44.0,76.0,482.0,279039.5
abs,p3,2021-07-01,81670.0,1430.0,2612.0,57.1,31267.2
abs,p3.1,2021-07-01,8402.0,250.0,469.0,33.6,17914.7
abs,p3.2,2021-07-01,1405.0,10.0,18.0,140.5,78055.6
abs,p3.3,2021-07-01,1346.0,126.0,256.0,10.7,5257.8
abs,p3.4,2021-07-01,4694.0,156.0,300.0,30.1,15646.7
abs,p3.5,2021-07-01,27128.0,251.0,424.0,108.1,63981.1
abs,p3.6,2021-07-01,7851.0,200.0,363.0,39.3,21628.1
abs,p3.7,2021-07-01,25233.0,335.0,593.0,75.3,42551.4
abs,p3.8,2021-07-01,5610.0,102.0,188.0,55.0,29840.4
abs,p4,2021-07-01,11830.0,699.0,1374.0,16.9,8609.9
abs,p5,2021-07-01,192122.0,5046.0,9323.0,38.1,20607.3
abs,p5.1,2021-07-01,9566.0,55.0,105.0,173.9,91104.8
abs,p5.2,2021-07-01,55437.0,1442.0,2624.0,38.4,21126.9
abs,p5.3,2021-07-01,7273.0,910.0,1643.0,8.0,4426.7
abs,p5.4,2021-07-01,9908.0,294.0,518.0,33.7,19127.4
abs,p5.5,2021-07-01,23979.0,144.0,251.0,166.5,95533.9
abs,p5.6,2021-07-01,25749.0,207.0,374.0,124.4,68847.6
abs,p5.7,2021-07-01,12337.0,613.0,1116.0,20.1,11054.7
abs,p5.8,2021-07-01,47874.0,1381.0,2692.0,34.7,17783.8
abs,p0,2021-10-01,371388.0,8775.0,15441.0,42.3,24052.1
abs,p1,2021-10-01,24921.0,983.0,1849.0,25.4,13478.1
abs,p2,2021-10-01,23807.0,45.0,76.0,529.0,313250.0
abs,p3,2021-10-01,91857.0,1575.0,2678.0,58.3,34300.6
abs,p3.1,2021-10-01,8236.0,272.0,483.0,30.3,17051.8
abs,p3.2,2021-10-01,2342.0,10.0,18.0,234.2,130111.1
abs,p3.3,2021-10-01,1579.0,138.0,268.0,11.4,5891.8
abs,p3.4,2021-10-01,5716.0,183.0,308.0,31.2,18558.4
abs,p3.5,2021-10-01,26380.0,261.0,426.0,101.1,61924.9
abs,p3.6,2021-10-01,9395.0,228.0,375.0,41.2,25053.3
abs,p3.7,2021-10-01,28448.0,368.0,608.0,77.3,46789.5
abs,p3.8,2021-10-01,9761.0,116.0,193.0,84.1,50575.1
abs,p4,2021-10-01,12609.0,811.0,1386.0,15.5,9097.4
abs,p5,2021-10-01,213986.0,5361.0,9451.0,39.9,22641.6
abs,p5.1,2021-10-01,10230.0,62.0,106.0,165.0,96509.4
abs,p5.2,2021-10-01,66113.0,1541.0,2666.0,42.9,24798.6
abs,p5.3,2021-10-01,9227.0,945.0,1658.0,9.8,5565.1
abs,p5.4,2021-10-01,12103.0,325.0,543.0,37.2,22289.1
abs,p5.5,2021-10-01,24081.0,152.0,259.0,158.4,92976.8
abs,p5.6,2021-10-01,26783.0,213.0,373.0,125.7,71804.3
abs,p5.7,2021-10-01,13467.0,655.0,1130.0,20.6,11917.7
abs,p5.8,2021-10-01,51982.0,1468.0,2717.0,35.4,19132.1
abs,p0,2022-01-01,361335.0,8935.0,15575.0,40.4,23199.7
abs,p1,2022-01-01,22929.0,987.0,1854.0,23.2,12367.3
abs,p2,2022-01-01,24378.0,45.0,76.0,541.7,320763.2
abs,p3,2022-01-01,87195.0,1589.0,2702.0,54.9,32270.5
abs,p3.1,2022-01-01,7119.0,278.0,486.0,25.6,14648.1
abs,p3.2,2022-01-01,2110.0,11.0,18.0,191.8,117222.2
abs,p3.3,2022-01-01,1605.0,145.0,278.0,11.1,5773.4
abs,p3.4,2022-01-01,6222.0,183.0,309.0,34.0,20135.9
abs,p3.5,2022-01-01,23756.0,264.0,435.0,90.0,54611.5
abs,p3.6,2022-01-01,9159.0,227.0,379.0,40.3,24166.2
abs,p3.7,2022-01-01,30162.0,361.0,600.0,83.6,50270.0
abs,p3.8,2022-01-01,7062.0,120.0,196.0,58.8,36030.6
abs,p4,2022-01-01,12944.0,827.0,1382.0,15.7,9366.1
abs,p5,2022-01-01,210076.0,5487.0,9561.0,38.3,21972.2
abs,p5.1,2022-01-01,9712.0,63.0,107.0,154.2,90766.4
abs,p5.2,2022-01-01,60338.0,1576.0,2704.0,38.3,22314.3
abs,p5.3,2022-01-01,10319.0,977.0,1694.0,10.6,6091.5
abs,p5.4,2022-01-01,12939.0,338.0,559.0,38.3,23146.7
abs,p5.5,2022-01-01,24579.0,149.0,252.0,165.0,97535.7
abs,p5.6,2022-01-01,26571.0,215.0,373.0,123.6,71235.9
abs,p5.7,2022-01-01,15612.0,672.0,1134.0,23.2,13767.2
abs,p5.8,2022-01-01,50006.0,1497.0,2738.0,33.4,18263.7
abs,p0,2022-04-01,369429.0,8939.0,15701.0,41.3,23529.0
abs,p1,2022-04-01,23647.0,1002.0,1872.0,23.6,12631.9
abs,p2,2022-04-01,23667.0,45.0,76.0,525.9,311407.9
abs,p3,2022-04-01,89063.0,1585.0,2705.0,56.2,32925.3
abs,p3.1,2022-04-01,8344.0,275.0,489.0,30.3,17063.4
abs,p3.2,2022-04-01,2570.0,10.0,18.0,257.0,142777.8
abs,p3.3,2022-04-01,1478.0,144.0,274.0,10.3,5394.2
abs,p3.4,2022-04-01,5728.0,184.0,304.0,31.1,18842.1
abs,p3.5,2022-04-01,24254.0,263.0,435.0,92.2,55756.3
abs,p3.6,2022-04-01,9015.0,225.0,374.0,40.1,24104.3
abs,p3.7,2022-04-01,28784.0,368.0,615.0,78.2,46803.3
abs,p3.8,2022-04-01,8889.0,117.0,195.0,76.0,45584.6
abs,p4,2022-04-01,12973.0,814.0,1383.0,15.9,9380.3
abs,p5,2022-04-01,215854.0,5493.0,9666.0,39.3,22331.3
abs,p5.1,2022-04-01,10084.0,62.0,108.0,162.6,93370.4
abs,p5.2,2022-04-01,63983.0,1592.0,2745.0,40.2,23308.9
abs,p5.3,2022-04-01,10822.0,954.0,1709.0,11.3,6332.4
abs,p5.4,2022-04-01,13704.0,339.0,566.0,40.4,24212.0
abs,p5.5,2022-04-01,24775.0,149.0,257.0,166.3,96400.8
abs,p5.6,2022-04-01,25878.0,214.0,373.0,120.9,69378.0
abs,p5.7,2022-04-01,16441.0,670.0,1152.0,24.5,14271.7
abs,p5.8,2022-04-01,50166.0,1512.0,2756.0,33.2,18202.5
abs,p0,2022-07-01,386820.0,9039.0,15831.0,42.8,24434.3
abs,p1,2022-07-01,28022.0,1017.0,1878.0,27.6,14921.2
abs,p2,2022-07-01,23422.0,46.0,76.0,509.2,308184.2
abs,p3,2022-07-01,92431.0,1595.0,2731.0,58.0,33845.1
abs,p3.1,2022-07-01,8871.0,278.0,496.0,31.9,17885.1
abs,p3.2,2022-07-01,2099.0,11.0,18.0,190.8,116611.1
abs,p3.3,2022-07-01,1513.0,139.0,271.0,10.9,5583.0
abs,p3.4,2022-07-01,5433.0,186.0,309.0,29.2,17582.5
abs,p3.5,2022-07-01,28285.0,265.0,439.0,106.7,64430.5
abs,p3.6,2022-07-01,8919.0,227.0,376.0,39.3,23720.7
abs,p3.7,2022-07-01,29615.0,372.0,624.0,79.6,47459.9
abs,p3.8,2022-07-01,7696.0,117.0,197.0,65.8,39066.0
abs,p4,2022-07-01,13626.0,823.0,1378.0,16.6,9888.2
abs,p5,2022-07-01,225150.0,5558.0,9768.0,40.5,23049.8
abs,p5.1,2022-07-01,10325.0,63.0,110.0,163.9,93863.6
abs,p5.2,2022-07-01,69007.0,1618.0,2766.0,42.6,24948.3
abs,p5.3,2022-07-01,11201.0,981.0,1730.0,11.4,6474.6
abs,p5.4,2022-07-01,14091.0,346.0,576.0,40.7,24463.5
abs,p5.5,2022-07-01,25019.0,157.0,261.0,159.4,95858.2
abs,p5.6,2022-07-01,26662.0,209.0,376.0,127.6,70909.6
abs,p5.7,2022-07-01,16842.0,670.0,1169.0,25.1,14407.2
abs,p5.8,2022-07-01,52002.0,1514.0,2781.0,34.3,18699.0
abs,p0,2022-10-01,398919.0,9210.0,15942.0,43.3,25023.1
abs,p1,2022-10-01,25566.0,1000.0,1840.0,25.6,13894.6
abs,p2,2022-10-01,25536.0,46.0,76.0,555.1,336000.0
abs,p3,2022-10-01,95536.0,1631.0,2740.0,58.6,34867.2
abs,p3.1,2022-10-01,8618.0,285.0,502.0,30.2,17167.3
abs,p3.2,2022-10-01,2238.0,11.0,18.0,203.5,124333.3
abs,p3.3,2022-10-01,1574.0,136.0,260.0,11.6,6053.8
abs,p3.4,2022-10-01,5564.0,192.0,308.0,29.0,18064.9
abs,p3.5,2022-10-01,26637.0,267.0,434.0,99.8,61375.6
abs,p3.6,2022-10-01,9596.0,230.0,379.0,41.7,25319.3
abs,p3.7,2022-10-01,31063.0,387.0,632.0,80.3,49150.3
abs,p3.8,2022-10-01,10245.0,124.0,207.0,82.6,49492.8
abs,p4,2022-10-01,13912.0,827.0,1387.0,16.8,10030.3
abs,p5,2022-10-01,233791.0,5706.0,9899.0,41.0,23617.6
abs,p5.1,2022-10-01,10278.0,67.0,110.0,153.4,93436.4
abs,p5.2,2022-10-01,72615.0,1665.0,2793.0,43.6,25998.9
abs,p5.3,2022-10-01,11552.0,995.0,1782.0,11.6,6482.6
abs,p5.4,2022-10-01,14516.0,365.0,595.0,39.8,24396.6
abs,p5.5,2022-10-01,25104.0,164.0,267.0,153.1,94022.5
abs,p5.6,2022-10-01,27045.0,204.0,378.0,132.6,71547.6
abs,p5.7,2022-10-01,17314.0,711.0,1176.0,24.4,14722.8
abs,p5.8,2022-10-01,55365.0,1536.0,2797.0,36.0,19794.4
abs,p0,2023-01-01,381857.0,9247.0,16062.0,41.3,23773.9
abs,p1,2023-01-01,23128.0,1005.0,1874.0,23.0,12341.5
abs,p2,2023-01-01,25112.0,46.0,76.0,545.9,330421.1
abs,p3,2023-01-01,90008.0,1637.0,2771.0,55.0,32482.1
abs,p3.1,2023-01-01,7626.0,291.0,510.0,26.2,14952.9
abs,p3.2,2023-01-01,2225.0,11.0,19.0,202.3,117105.3
abs,p3.3,2023-01-01,1619.0,140.0,261.0,11.6,6203.1
abs,p3.4,2023-01-01,5973.0,188.0,312.0,31.8,19144.2
abs,p3.5,2023-01-01,24177.0,269.0,440.0,89.9,54947.7
abs,p3.6,2023-01-01,9476.0,230.0,383.0,41.2,24741.5
abs,p3.7,2023-01-01,31302.0,378.0,637.0,82.8,49139.7
abs,p3.8,2023-01-01,7609.0,129.0,210.0,59.0,36233.3
abs,p4,2023-01-01,13896.0,834.0,1391.0,16.7,9989.9
abs,p5,2023-01-01,225405.0,5725.0,9949.0,39.4,22656.0
abs,p5.1,2023-01-01,9782.0,65.0,108.0,150.5,90574.1
abs,p5.2,2023-01-01,66207.0,1644.0,2785.0,40.3,23772.7
abs,p5.3,2023-01-01,11579.0,1041.0,1826.0,11.1,6341.2
abs,p5.4,2023-01-01,15015.0,363.0,600.0,41.4,25025.0
abs,p5.5,2023-01-01,25512.0,156.0,268.0,163.5,95194.0
abs,p5.6,2023-01-01,27012.0,205.0,381.0,131.8,70897.6
abs,p5.7,2023-01-01,17409.0,715.0,1183.0,24.3,14716.0
abs,p5.8,2023-01-01,52889.0,1536.0,2797.0,34.4,18909.2
abs,p0,2023-04-01,379286.0,9299.0,16146.0,40.8,23491.0
abs,p1,2023-04-01,23364.0,1021.0,1877.0,22.9,12447.5
abs,p2,2023-04-01,23143.0,47.0,76.0,492.4,304513.2
abs,p3,2023-04-01,89171.0,1652.0,2780.0,54.0,32075.9
abs,p3.1,2023-04-01,8522.0,289.0,516.0,29.5,16515.5
abs,p3.2,2023-04-01,2795.0,11.0,19.0,254.1,147105.3
abs,p3.3,2023-04-01,1533.0,143.0,262.0,10.7,5851.1
abs,p3.4,2023-04-01,5646.0,193.0,318.0,29.3,17754.7
abs,p3.5,2023-04-01,23857.0,271.0,437.0,88.0,54592.7
abs,p3.6,2023-04-01,9506.0,228.0,379.0,41.7,25081.8
abs,p3.7,2023-04-01,28364.0,392.0,641.0,72.4,44249.6
abs,p3.8,2023-04-01,8949.0,124.0,207.0,72.2,43231.9
abs,p4,2023-04-01,13778.0,836.0,1397.0,16.5,9862.6
abs,p5,2023-04-01,225308.0,5744.0,10017.0,39.2,22492.6
abs,p5.1,2023-04-01,10438.0,65.0,109.0,160.6,95761.5
abs,p5.2,2023-04-01,66897.0,1653.0,2798.0,40.5,23908.9
abs,p5.3,2023-04-01,11568.0,1045.0,1861.0,11.1,6216.0
abs,p5.4,2023-04-01,15554.0,364.0,603.0,42.7,25794.4
abs,p5.5,2023-04-01,25685.0,158.0,270.0,162.6,95129.6
abs,p5.6,2023-04-01,24501.0,222.0,381.0,110.4,64307.1
abs,p5.7,2023-04-01,17705.0,704.0,1187.0,25.1,14915.8
abs,p5.8,2023-04-01,52961.0,1533.0,2809.0,34.5,18854.0
abs,p0,2023-07-01,398768.0,9419.0,16251.0,42.3,24538.1
abs,p1,2023-07-01,28039.0,1035.0,1889.0,27.1,14843.3
abs,p2,2023-07-01,22944.0,46.0,76.0,498.8,301894.7
abs,p3,2023-07-01,92325.0,1669.0,2814.0,55.3,32809.2
abs,p3.1,2023-07-01,9235.0,299.0,530.0,30.9,17424.5
abs,p3.2,2023-07-01,2194.0,10.0,19.0,219.4,115473.7
abs,p3.3,2023-07-01,1519.0,136.0,262.0,11.2,5797.7
abs,p3.4,2023-07-01,5470.0,200.0,324.0,27.4,16882.7
abs,p3.5,2023-07-01,27600.0,272.0,442.0,101.5,62443.4
abs,p3.6,2023-07-01,9406.0,234.0,388.0,40.2,24242.3
abs,p3.7,2023-07-01,28861.0,393.0,642.0,73.4,44954.8
abs,p3.8,2023-07-01,8038.0,125.0,208.0,64.3,38644.2
abs,p4,2023-07-01,14599.0,839.0,1398.0,17.4,10442.8
abs,p5,2023-07-01,236338.0,5830.0,10074.0,40.5,23460.2
abs,p5.1,2023-07-01,10539.0,66.0,110.0,159.7,95809.1
abs,p5.2,2023-07-01,72817.0,1653.0,2817.0,44.1,25849.1
abs,p5.3,2023-07-01,11818.0,1088.0,1880.0,10.9,6286.2
abs,p5.4,2023-07-01,15890.0,365.0,604.0,43.5,26307.9
abs,p5.5,2023-07-01,25896.0,160.0,272.0,161.8,95205.9
abs,p5.6,2023-07-01,26411.0,219.0,382.0,120.6,69138.7
abs,p5.7,2023-07-01,18164.0,717.0,1190.0,25.3,15263.9
abs,p5.8,2023-07-01,54802.0,1562.0,2818.0,35.1,19447.1
abs,p0,2023-10-01,410231.0,9418.0,16347.0,43.6,25095.2
abs,p1,2023-10-01,25862.0,1009.0,1854.0,25.6,13949.3
abs,p2,2023-10-01,26338.0,47.0,76.0,560.4,346552.6
abs,p3,2023-10-01,95290.0,1674.0,2823.0,56.9,33754.9
abs,p3.1,2023-10-01,9245.0,297.0,529.0,31.1,17476.4
abs,p3.2,2023-10-01,2359.0,12.0,19.0,196.6,124157.9
abs,p3.3,2023-10-01,1573.0,133.0,263.0,11.8,5981.0
abs,p3.4,2023-10-01,5775.0,199.0,326.0,29.0,17714.7
abs,p3.5,2023-10-01,26472.0,274.0,445.0,96.6,59487.6
abs,p3.6,2023-10-01,10196.0,238.0,392.0,42.8,26010.2
abs,p3.7,2023-10-01,29191.0,396.0,641.0,73.7,45539.8
abs,p3.8,2023-10-01,10479.0,126.0,208.0,83.2,50379.8
abs,p4,2023-10-01,14390.0,835.0,1403.0,17.2,10256.6
abs,p5,2023-10-01,243312.0,5854.0,10190.0,41.6,23877.5
abs,p5.1,2023-10-01,10729.0,67.0,112.0,160.1,95794.6
abs,p5.2,2023-10-01,75792.0,1653.0,2842.0,45.9,26668.5
abs,p5.3,2023-10-01,12054.0,1094.0,1933.0,11.0,6235.9
abs,p5.4,2023-10-01,16326.0,371.0,610.0,44.0,26763.9
abs,p5.5,2023-10-01,25926.0,164.0,276.0,158.1,93934.8
abs,p5.6,2023-10-01,25657.0,224.0,385.0,114.5,66641.6
abs,p5.7,2023-10-01,18602.0,713.0,1197.0,26.1,15540.5
abs,p5.8,2023-10-01,58227.0,1568.0,2835.0,37.1,20538.6
abs,p0,2024-01-01,397802.0,9452.0,16401.0,42.1,24254.7
abs,p1,2024-01-01,23576.0,1012.0,1875.0,23.3,12573.9
abs,p2,2024-01-01,26203.0,47.0,76.0,557.5,344776.3
abs,p3,2024-01-01,91864.0,1674.0,2820.0,54.9,32575.9
abs,p3.1,2024-01-01,7620.0,298.0,528.0,25.6,14431.8
abs,p3.2,2024-01-01,2373.0,13.0,19.0,182.5,124894.7
abs,p3.3,2024-01-01,1645.0,138.0,266.0,11.9,6184.2
abs,p3.4,2024-01-01,6225.0,192.0,322.0,32.4,19332.3
abs,p3.5,2024-01-01,24483.0,281.0,448.0,87.1,54649.6
abs,p3.6,2024-01-01,10174.0,233.0,390.0,43.7,26087.2
abs,p3.7,2024-01-01,31569.0,393.0,637.0,80.3,49558.9
abs,p3.8,2024-01-01,7776.0,128.0,209.0,60.8,37205.7
abs,p4,2024-01-01,15555.0,830.0,1406.0,18.7,11063.3
abs,p5,2024-01-01,236130.0,5889.0,10224.0,40.1,23095.7
abs,p5.1,2024-01-01,10491.0,66.0,111.0,159.0,94513.5
abs,p5.2,2024-01-01,68816.0,1681.0,2858.0,40.9,24078.4
abs,p5.3,2024-01-01,12202.0,1086.0,1935.0,11.2,6305.9
abs,p5.4,2024-01-01,16717.0,365.0,616.0,45.8,27138.0
abs,p5.5,2024-01-01,26254.0,163.0,274.0,161.1,95817.5
abs,p5.6,2024-01-01,27245.0,226.0,387.0,120.6,70400.5
abs,p5.7,2024-01-01,18950.0,726.0,1199.0,26.1,15804.8
abs,p5.8,2024-01-01,55456.0,1577.0,2843.0,35.2,19506.2
abs,p0,2024-04-01,401672.0,9612.0,16591.0,41.8,24210.2
abs,p1,2024-04-01,25139.0,1034.0,1897.0,24.3,13252.0
abs,p2,2024-04-01,23776.0,46.0,76.0,516.9,312842.1
abs,p3,2024-04-01,93387.0,1680.0,2825.0,55.6,33057.3
abs,p3.1,2024-04-01,8947.0,305.0,528.0,29.3,16945.1
abs,p3.2,2024-04-01,3017.0,12.0,19.0,251.4,158789.5
abs,p3.3,2024-04-01,1589.0,141.0,266.0,11.3,5973.7
abs,p3.4,2024-04-01,5939.0,192.0,322.0,30.9,18444.1
abs,p3.5,2024-04-01,24832.0,285.0,448.0,87.1,55428.6
abs,p3.6,2024-04-01,10398.0,231.0,390.0,45.0,26661.5
abs,p3.7,2024-04-01,29219.0,388.0,641.0,75.3,45583.5
abs,p3.8,2024-04-01,9446.0,127.0,211.0,74.4,44767.8
abs,p4,2024-04-01,16141.0,823.0,1408.0,19.6,11463.8
abs,p5,2024-04-01,238584.0,6028.0,10385.0,39.6,22973.9
abs,p5.1,2024-04-01,10770.0,68.0,115.0,158.4,93652.2
abs,p5.2,2024-04-01,69993.0,1701.0,2898.0,41.1,24152.2
abs,p5.3,2024-04-01,12263.0,1129.0,1990.0,10.9,6162.3
abs,p5.4,2024-04-01,17155.0,375.0,630.0,45.7,27230.2
abs,p5.5,2024-04-01,26474.0,165.0,277.0,160.4,95574.0
abs,p5.6,2024-04-01,27021.0,225.0,390.0,120.1,69284.6
abs,p5.7,2024-04-01,19375.0,744.0,1222.0,26.0,15855.2
abs,p5.8,2024-04-01,55533.0,1621.0,2862.0,34.3,19403.6
abs,p0,2024-07-01,420354.0,9672.0,16715.0,43.5,25148.3
abs,p1,2024-07-01,29060.0,1033.0,1907.0,28.1,15238.6
abs,p2,2024-07-01,22295.0,47.0,76.0,474.4,293355.3
abs,p3,2024-07-01,97455.0,1704.0,2853.0,57.2,34158.8
abs,p3.1,2024-07-01,9937.0,309.0,540.0,32.2,18401.9
abs,p3.2,2024-07-01,2411.0,12.0,19.0,200.9,126894.7
abs,p3.3,2024-07-01,1589.0,142.0,266.0,11.2,5973.7
abs,p3.4,2024-07-01,5827.0,195.0,326.0,29.9,17874.2
abs,p3.5,2024-07-01,28815.0,287.0,453.0,100.4,63609.3
abs,p3.6,2024-07-01,10269.0,237.0,397.0,43.3,25866.5
abs,p3.7,2024-07-01,30486.0,393.0,641.0,77.6,47560.1
abs,p3.8,2024-07-01,8120.0,129.0,211.0,62.9,38483.4
abs,p4,2024-07-01,17512.0,838.0,1410.0,20.9,12419.9
abs,p5,2024-07-01,248734.0,6050.0,10468.0,41.1,23761.4
abs,p5.1,2024-07-01,10870.0,69.0,117.0,157.5,92906.0
abs,p5.2,2024-07-01,75832.0,1727.0,2924.0,43.9,25934.3
abs,p5.3,2024-07-01,12546.0,1144.0,2015.0,11.0,6226.3
abs,p5.4,2024-07-01,17568.0,375.0,633.0,46.8,27753.6
abs,p5.5,2024-07-01,26803.0,167.0,280.0,160.5,95725.0
abs,p5.6,2024-07-01,27382.0,230.0,390.0,119.1,70210.3
abs,p5.7,2024-07-01,20022.0,735.0,1233.0,27.2,16238.4
abs,p5.8,2024-07-01,57712.0,1604.0,2877.0,36.0,20059.8
abs,p0,2024-10-01,430477.0,9747.0,16793.0,44.2,25634.3
abs,p1,2024-10-01,25683.0,1022.0,1877.0,25.1,13683.0
abs,p2,2024-10-01,26158.0,47.0,77.0,556.6,339714.3
abs,p3,2024-10-01,99328.0,1707.0,2861.0,58.2,34717.9
abs,p3.1,2024-10-01,9827.0,310.0,541.0,31.7,18164.5
abs,p3.2,2024-10-01,2548.0,12.0,19.0,212.3,134105.3
abs,p3.3,2024-10-01,1581.0,136.0,263.0,11.6,6011.4
abs,p3.4,2024-10-01,6035.0,198.0,331.0,30.5,18232.6
abs,p3.5,2024-10-01,27287.0,281.0,455.0,97.1,59971.4
abs,p3.6,2024-10-01,10629.0,245.0,400.0,43.4,26572.5
abs,p3.7,2024-10-01,31293.0,399.0,645.0,78.4,48516.3
abs,p3.8,2024-10-01,10127.0,125.0,208.0,81.0,48687.5
abs,p4,2024-10-01,17371.0,849.0,1415.0,20.5,12276.3
abs,p5,2024-10-01,256662.0,6122.0,10563.0,41.9,24298.2
abs,p5.1,2024-10-01,10852.0,68.0,118.0,159.6,91966.1
abs,p5.2,2024-10-01,79103.0,1736.0,2949.0,45.6,26823.7
abs,p5.3,2024-10-01,12908.0,1179.0,2046.0,10.9,6308.9
abs,p5.4,2024-10-01,18071.0,382.0,638.0,47.3,28324.5
abs,p5.5,2024-10-01,26987.0,170.0,284.0,158.7,95024.6
abs,p5.6,2024-10-01,27044.0,228.0,391.0,118.6,69166.2
abs,p5.7,2024-10-01,20361.0,737.0,1237.0,27.6,16460.0
abs,p5.8,2024-10-01,61337.0,1623.0,2899.0,37.8,21158.0
abs,p0,2025-01-01,415338.0,9653.0,16703.0,43.0,24866.1
abs,p1,2025-01-01,23738.0,1015.0,1877.0,23.4,12646.8
abs,p2,2025-01-01,25492.0,46.0,77.0,554.2,331064.9
abs,p3,2025-01-01,95676.0,1681.0,2846.0,56.9,33617.7
abs,p3.1,2025-01-01,8321.0,293.0,535.0,28.4,15553.3
abs,p3.2,2025-01-01,2447.0,12.0,20.0,203.9,122350.0
abs,p3.3,2025-01-01,1662.0,134.0,266.0,12.4,6248.1
abs,p3.4,2025-01-01,6420.0,192.0,326.0,33.4,19693.3
abs,p3.5,2025-01-01,25112.0,283.0,449.0,88.7,55928.7
abs,p3.6,2025-01-01,10536.0,247.0,399.0,42.7,26406.0
abs,p3.7,2025-01-01,34027.0,395.0,642.0,86.1,53001.6
abs,p3.8,2025-01-01,7150.0,124.0,209.0,57.7,34210.5
abs,p4,2025-01-01,17760.0,851.0,1419.0,20.9,12515.9
abs,p5,2025-01-01,247972.0,6060.0,10485.0,40.9,23650.2
abs,p5.1,2025-01-01,10367.0,69.0,116.0,150.2,89370.7
abs,p5.2,2025-01-01,71808.0,1716.0,2932.0,41.8,24491.1
abs,p5.3,2025-01-01,13153.0,1171.0,2030.0,11.2,6479.3
abs,p5.4,2025-01-01,18300.0,378.0,638.0,48.4,28683.4
abs,p5.5,2025-01-01,27194.0,166.0,282.0,163.8,96432.6
abs,p5.6,2025-01-01,27983.0,228.0,386.0,122.7,72494.8
abs,p5.7,2025-01-01,20676.0,732.0,1219.0,28.2,16961.4
abs,p5.8,2025-01-01,58490.0,1601.0,2883.0,36.5,20287.9
abs,p0,2025-04-01,419420.0,9703.0,16849.0,43.2,24892.9
abs,p1,2025-04-01,25779.0,1020.0,1895.0,25.3,13603.7
abs,p2,2025-04-01,22532.0,46.0,77.0,489.8,292623.4
abs,p3,2025-04-01,96887.0,1681.0,2852.0,57.6,33971.6
abs,p3.1,2025-04-01,10001.0,299.0,539.0,33.4,18554.7
abs,p3.2,2025-04-01,3141.0,12.0,20.0,261.8,157050.0
abs,p3.3,2025-04-01,1586.0,143.0,266.0,11.1,5962.4
abs,p3.4,2025-04-01,6136.0,196.0,327.0,31.3,18764.5
abs,p3.5,2025-04-01,24622.0,268.0,444.0,91.9,55455.0
abs,p3.6,2025-04-01,10798.0,239.0,396.0,45.2,27267.7
abs,p3.7,2025-04-01,31366.0,397.0,648.0,79.0,48404.3
abs,p3.8,2025-04-01,9237.0,127.0,212.0,72.7,43570.8
abs,p4,2025-04-01,18091.0,844.0,1421.0,21.4,12731.2
abs,p5,2025-04-01,250700.0,6112.0,10604.0,41.0,23642.0
abs,p5.1,2025-04-01,10891.0,69.0,118.0,157.8,92296.6
abs,p5.2,2025-04-01,73038.0,1715.0,2956.0,42.6,24708.4
abs,p5.3,2025-04-01,13365.0,1204.0,2059.0,11.1,6491.0
abs,p5.4,2025-04-01,18636.0,380.0,642.0,49.0,29028.0
abs,p5.5,2025-04-01,27395.0,165.0,285.0,166.0,96122.8
abs,p5.6,2025-04-01,27402.0,227.0,391.0,120.7,70081.8
abs,p5.7,2025-04-01,21039.0,741.0,1242.0,28.4,16939.6
abs,p5.8,2025-04-01,58933.0,1612.0,2912.0,36.6,20238.0
abs,p0,2025-07-01,443208.0,9795.0,16967.0,45.2,26121.8
abs,p1,2025-07-01,29088.0,1024.0,1906.0,28.4,15261.3
abs,p2,2025-07-01,24468.0,47.0,77.0,520.6,317766.2
abs,p3,2025-07-01,101438.0,1702.0,2869.0,59.6,35356.6
abs,p3.1,2025-07-01,10609.0,301.0,546.0,35.2,19430.4
abs,p3.2,2025-07-01,2634.0,12.0,20.0,219.5,131700.0
abs,p3.3,2025-07-01,1587.0,143.0,266.0,11.1,5966.2
abs,p3.4,2025-07-01,6038.0,198.0,328.0,30.5,18408.5
abs,p3.5,2025-07-01,28677.0,274.0,447.0,104.7,64154.4
abs,p3.6,2025-07-01,10636.0,242.0,399.0,44.0,26656.6
abs,p3.7,2025-07-01,33036.0,399.0,650.0,82.8,50824.6
abs,p3.8,2025-07-01,8219.0,130.0,214.0,63.2,38406.5
abs,p4,2025-07-01,19578.0,850.0,1424.0,23.0,13748.6
abs,p5,2025-07-01,262502.0,6173.0,10692.0,42.5,24551.3
abs,p5.1,2025-07-01,11122.0,71.0,119.0,156.6,93462.2
abs,p5.2,2025-07-01,79503.0,1750.0,2989.0,45.4,26598.5
abs,p5.3,2025-07-01,13740.0,1189.0,2087.0,11.6,6583.6
abs,p5.4,2025-07-01,18947.0,390.0,649.0,48.6,29194.1
abs,p5.5,2025-07-01,29095.0,170.0,287.0,171.1,101376.3
abs,p5.6,2025-07-01,26846.0,231.0,394.0,116.2,68137.1
abs,p5.7,2025-07-01,21570.0,750.0,1254.0,28.8,17201.0
abs,p5.8,2025-07-01,61679.0,1622.0,2913.0,38.0,21173.7
abs,p0,2025-10-01,457681.0,9880.0,17100.0,46.3,26765.0
abs,p1,2025-10-01,27080.0,1020.0,1877.0,26.5,14427.3
abs,p2,2025-10-01,26678.0,46.0,77.0,580.0,346467.5
abs,p3,2025-10-01,105338.0,1700.0,2888.0,62.0,36474.4
abs,p3.1,2025-10-01,10813.0,295.0,542.0,36.7,19950.2
abs,p3.2,2025-10-01,2759.0,12.0,20.0,229.9,137950.0
abs,p3.3,2025-10-01,1607.0,135.0,266.0,11.9,6041.4
abs,p3.4,2025-10-01,6242.0,201.0,335.0,31.1,18632.8
abs,p3.5,2025-10-01,27194.0,276.0,451.0,98.5,60297.1
abs,p3.6,2025-10-01,11154.0,247.0,402.0,45.2,27746.3
abs,p3.7,2025-10-01,35268.0,404.0,657.0,87.3,53680.4
abs,p3.8,2025-10-01,10301.0,131.0,215.0,78.6,47911.6
abs,p4,2025-10-01,19276.0,854.0,1427.0,22.6,13508.1
abs,p5,2025-10-01,272938.0,6259.0,10832.0,43.6,25197.4
abs,p5.1,2025-10-01,11178.0,71.0,120.0,157.4,93150.0
abs,p5.2,2025-10-01,83646.0,1793.0,3023.0,46.7,27669.9
abs,p5.3,2025-10-01,14208.0,1203.0,2143.0,11.8,6630.0
abs,p5.4,2025-10-01,19634.0,393.0,656.0,50.0,29929.9
abs,p5.5,2025-10-01,29392.0,174.0,288.0,168.9,102055.6
abs,p5.6,2025-10-01,27205.0,231.0,396.0,117.8,68699.5
abs,p5.7,2025-10-01,21895.0,771.0,1268.0,28.4,17267.4
abs,p5.8,2025-10-01,65781.0,1624.0,2937.0,40.5,22397.3
growth_yoy,p0,2016-01-01,4.3,1.1,1.1,3.2,3.2
growth_yoy,p1,2016-01-01,-2.2,-7.1,-8.7,5.3,7.0
growth_yoy,p2,2016-01-01,-1.1,4.3,-1.3,-5.1,0.2
growth_yoy,p3,2016-01-01,4.5,-1.3,-0.4,5.9,4.9
growth_yoy,p3.1,2016-01-01,6.0,2.8,2.6,3.1,3.4
growth_yoy,p3.2,2016-01-01,7.9,-16.7,-5.6,29.5,14.3
growth_yoy,p3.3,2016-01-01,7.9,4.7,-0.5,3.1,8.4
growth_yoy,p3.4,2016-01-01,6.6,-5.0,-3.5,12.3,10.5
growth_yoy,p3.5,2016-01-01,2.5,-1.2,-0.3,3.8,2.8
growth_yoy,p3.6,2016-01-01,4.1,-2.0,2.5,6.2,1.6
growth_yoy,p3.7,2016-01-01,7.0,0.3,0.0,6.7,7.0
growth_yoy,p3.8,2016-01-01,-1.3,-10.4,-6.9,10.1,6.0
growth_yoy,p4,2016-01-01,8.0,5.0,4.5,2.9,3.3
growth_yoy,p5,2016-01-01,5.2,2.6,3.1,2.5,2.1
growth_yoy,p5.1,2016-01-01,6.8,3.4,-1.0,3.3,7.9
growth_yoy,p5.2,2016-01-01,5.4,4.5,4.9,0.8,0.4
growth_yoy,p5.3,2016-01-01,6.4,3.9,4.0,2.4,2.2
growth_yoy,p5.4,2016-01-01,6.0,4.8,3.7,1.1,2.1
growth_yoy,p5.5,2016-01-01,8.3,-8.2,-9.1,17.9,19.2
growth_yoy,p5.6,2016-01-01,0.4,-4.4,-2.0,5.0,2.4
growth_yoy,p5.7,2016-01-01,6.5,1.2,1.8,5.2,4.6
growth_yoy,p5.8,2016-01-01,5.2,2.3,3.3,2.9,1.9
growth_yoy,p0,2016-04-01,4.2,1.6,1.6,2.5,2.6
growth_yoy,p1,2016-04-01,-5.8,-9.1,-9.7,3.7,4.3
growth_yoy,p2,2016-04-01,2.3,11.1,8.2,-8.0,-5.5
growth_yoy,p3,2016-04-01,3.8,0.4,0.6,3.3,3.1
growth_yoy,p3.1,2016-04-01,-6.6,4.1,7.7,-10.3,-13.3
growth_yoy,p3.2,2016-04-01,6.7,0.0,5.9,6.7,0.8
growth_yoy,p3.3,2016-04-01,7.3,6.3,-0.9,0.9,8.2
growth_yoy,p3.4,2016-04-01,5.7,-1.5,-1.3,7.3,7.0
growth_yoy,p3.5,2016-04-01,5.3,0.4,1.6,4.9,3.6
growth_yoy,p3.6,2016-04-01,4.5,0.5,2.2,4.0,2.2
growth_yoy,p3.7,2016-04-01,9.2,1.8,0.4,7.2,8.8
growth_yoy,p3.8,2016-04-01,-7.0,-13.3,-11.7,7.2,5.3
growth_yoy,p4,2016-04-01,8.9,-2.8,-1.6,12.1,10.7
growth_yoy,p5,2016-04-01,5.8,5.0,5.1,0.7,0.6
growth_yoy,p5.1,2016-04-01,5.3,0.0,-1.0,5.3,6.4
growth_yoy,p5.2,2016-04-01,6.7,13.1,13.7,-5.6,-6.2
growth_yoy,p5.3,2016-04-01,7.1,3.6,7.5,3.4,-0.4
growth_yoy,p5.4,2016-04-01,6.1,2.0,2.1,4.0,4.0
growth_yoy,p5.5,2016-04-01,8.7,0.0,0.5,8.7,8.1
growth_yoy,p5.6,2016-04-01,1.8,4.0,2.6,-2.2,-0.8
growth_yoy,p5.7,2016-04-01,6.9,4.6,2.7,2.2,4.1
growth_yoy,p5.8,2016-04-01,4.9,0.2,-0.5,4.7,5.4
growth_yoy,p0,2016-07-01,4.5,2.0,1.8,2.5,2.7
growth_yoy,p1,2016-07-01,-4.6,1.5,-3.1,-6.1,-1.6
growth_yoy,p2,2016-07-01,2.7,0.0,-7.5,2.7,11.1
growth_yoy,p3,2016-07-01,4.2,1.5,1.0,2.6,3.2
growth_yoy,p3.1,2016-07-01,0.2,10.9,8.5,-9.7,-7.7
growth_yoy,p3.2,2016-07-01,6.9,10.0,0.0,-2.8,6.9
growth_yoy,p3.3,2016-07-01,6.6,1.8,-0.9,4.8,7.6
growth_yoy,p3.4,2016-07-01,4.8,-3.0,-1.3,8.1,6.2
growth_yoy,p3.5,2016-07-01,4.6,3.0,1.3,1.6,3.2
growth_yoy,p3.6,2016-07-01,4.0,5.9,1.5,-1.8,2.5
growth_yoy,p3.7,2016-07-01,6.7,-1.5,0.9,8.3,5.7
growth_yoy,p3.8,2016-07-01,-0.9,-9.5,-8.9,9.5,8.7
growth_yoy,p4,2016-07-01,8.0,-7.0,-5.4,16.1,14.2
growth_yoy,p5,2016-07-01,6.2,4.0,4.7,2.1,1.4
growth_yoy,p5.1,2016-07-01,5.4,7.1,1.0,-1.6,4.3
growth_yoy,p5.2,2016-07-01,6.9,6.4,7.0,0.5,-0.1
growth_yoy,p5.3,2016-07-01,7.6,2.3,3.9,5.2,3.6
growth_yoy,p5.4,2016-07-01,5.2,4.8,5.1,0.4,0.2
growth_yoy,p5.5,2016-07-01,7.5,6.7,6.0,0.7,1.4
growth_yoy,p5.6,2016-07-01,5.1,0.0,0.9,5.1,4.2
growth_yoy,p5.7,2016-07-01,7.0,8.7,7.9,-1.6,-0.9
growth_yoy,p5.8,2016-07-01,5.1,1.0,2.5,4.1,2.6
growth_yoy,p0,2016-10-01,4.8,1.4,0.9,3.3,3.8
growth_yoy,p1,2016-10-01,-1.7,1.5,0.3,-3.2,-2.0
growth_yoy,p2,2016-10-01,5.2,-14.8,-11.8,23.4,19.2
growth_yoy,p3,2016-10-01,5.1,2.5,0.9,2.5,4.1
growth_yoy,p3.1,2016-10-01,8.2,10.6,5.9,-2.2,2.1
growth_yoy,p3.2,2016-10-01,5.6,0.0,0.0,5.6,5.6
growth_yoy,p3.3,2016-10-01,5.8,5.4,0.0,0.4,5.8
growth_yoy,p3.4,2016-10-01,5.0,-2.0,-2.2,7.1,7.4
growth_yoy,p3.5,2016-10-01,4.9,1.2,2.1,3.6,2.7
growth_yoy,p3.6,2016-10-01,4.2,1.0,1.8,3.2,2.4
growth_yoy,p3.7,2016-10-01,7.5,2.4,1.5,5.0,5.9
growth_yoy,p3.8,2016-10-01,-2.3,-3.1,-8.6,0.8,6.9
growth_yoy,p4,2016-10-01,5.0,-2.0,-2.3,7.2,7.5
growth_yoy,p5,2016-10-01,5.6,1.8,1.8,3.7,3.7
growth_yoy,p5.1,2016-10-01,4.0,3.4,2.0,0.6,1.9
growth_yoy,p5.2,2016-10-01,6.4,2.6,2.7,3.7,3.6
growth_yoy,p5.3,2016-10-01,7.8,1.0,1.8,6.7,5.9
growth_yoy,p5.4,2016-10-01,5.6,7.5,6.7,-1.8,-1.0
growth_yoy,p5.5,2016-10-01,7.7,-1.6,-1.4,9.5,9.3
growth_yoy,p5.6,2016-10-01,3.3,-1.0,0.9,4.3,2.5
growth_yoy,p5.7,2016-10-01,7.2,1.9,3.1,5.2,4.0
growth_yoy,p5.8,2016-10-01,4.2,1.1,0.0,3.1,4.2
growth_yoy,p0,2017-01-01,5.6,2.8,1.8,2.7,3.7
growth_yoy,p1,2017-01-01,6.6,4.2,4.2,2.3,2.3
growth_yoy,p2,2017-01-01,1.0,8.2,11.7,-6.6,-9.6
growth_yoy,p3,2017-01-01,5.9,6.1,2.7,-0.1,3.1
growth_yoy,p3.1,2017-01-01,8.5,11.3,4.7,-2.5,3.6
growth_yoy,p3.2,2017-01-01,8.6,10.0,5.9,-1.2,2.6
growth_yoy,p3.3,2017-01-01,7.1,3.6,2.3,3.4,4.7
growth_yoy,p3.4,2017-01-01,9.1,3.7,-0.7,5.2,9.8
growth_yoy,p3.5,2017-01-01,3.1,2.9,3.2,0.1,-0.1
growth_yoy,p3.6,2017-01-01,3.8,12.4,6.3,-7.7,-2.4
growth_yoy,p3.7,2017-01-01,7.6,4.2,1.9,3.2,5.6
growth_yoy,p3.8,2017-01-01,6.8,1.8,-1.1,5.0,8.0
growth_yoy,p4,2017-01-01,6.8,-5.8,-5.3,13.4,12.8
growth_yoy,p5,2017-01-01,5.9,3.2,2.4,2.6,3.4
growth_yoy,p5.1,2017-01-01,2.3,-1.6,0.0,4.0,2.3
growth_yoy,p5.2,2017-01-01,6.5,5.1,4.7,1.3,1.7
growth_yoy,p5.3,2017-01-01,7.3,3.4,1.4,3.8,5.8
growth_yoy,p5.4,2017-01-01,6.1,-0.3,0.6,6.5,5.5
growth_yoy,p5.5,2017-01-01,8.4,7.1,7.4,1.2,1.0
growth_yoy,p5.6,2017-01-01,3.6,3.6,2.6,0.0,1.0
growth_yoy,p5.7,2017-01-01,7.4,4.3,5.4,2.9,1.9
growth_yoy,p5.8,2017-01-01,5.0,1.2,-0.3,3.7,5.4
growth_yoy,p0,2017-04-01,5.7,1.0,1.8,4.7,3.9
growth_yoy,p1,2017-04-01,4.5,10.1,7.2,-5.0,-2.5
growth_yoy,p2,2017-04-01,-0.5,-2.0,3.8,1.6,-4.1
growth_yoy,p3,2017-04-01,6.0,0.6,1.6,5.4,4.3
growth_yoy,p3.1,2017-04-01,12.2,1.8,0.0,10.2,12.2
growth_yoy,p3.2,2017-04-01,6.4,0.0,0.0,6.4,6.4
growth_yoy,p3.3,2017-04-01,7.4,0.0,0.0,7.4,7.4
growth_yoy,p3.4,2017-04-01,5.4,-6.1,-1.6,12.2,7.1
growth_yoy,p3.5,2017-04-01,3.2,1.7,1.6,1.5,1.6
growth_yoy,p3.6,2017-04-01,4.1,6.3,6.4,-2.1,-2.1
growth_yoy,p3.7,2017-04-01,8.8,-1.2,1.1,10.1,7.6
growth_yoy,p3.8,2017-04-01,3.5,4.5,6.1,-1.0,-2.5
growth_yoy,p4,2017-04-01,8.3,-0.6,-0.3,8.9,8.7
growth_yoy,p5,2017-04-01,6.4,-0.3,1.1,6.7,5.3
growth_yoy,p5.1,2017-04-01,2.2,0.0,0.0,2.2,2.2
growth_yoy,p5.2,2017-04-01,7.8,2.5,2.4,5.1,5.3
growth_yoy,p5.3,2017-04-01,7.4,0.9,1.4,6.4,5.9
growth_yoy,p5.4,2017-04-01,6.3,-0.7,0.8,7.0,5.4
growth_yoy,p5.5,2017-04-01,8.8,6.6,4.4,2.1,4.2
growth_yoy,p5.6,2017-04-01,5.2,0.0,1.7,5.2,3.4
growth_yoy,p5.7,2017-04-01,7.7,-6.5,-3.5,15.2,11.6
growth_yoy,p5.8,2017-04-01,4.6,-1.4,1.2,6.1,3.3
growth_yoy,p0,2017-07-01,6.1,3.3,2.0,2.8,4.1
growth_yoy,p1,2017-07-01,3.3,0.4,-1.2,2.9,4.5
growth_yoy,p2,2017-07-01,2.3,11.1,12.2,-7.9,-8.8
growth_yoy,p3,2017-07-01,7.0,2.1,1.7,4.8,5.2
growth_yoy,p3.1,2017-07-01,12.7,3.0,1.2,9.4,11.4
growth_yoy,p3.2,2017-07-01,4.1,9.1,0.0,-4.6,4.1
growth_yoy,p3.3,2017-07-01,8.9,0.0,1.4,8.9,7.4
growth_yoy,p3.4,2017-07-01,3.1,-2.6,-2.3,5.8,5.5
growth_yoy,p3.5,2017-07-01,5.1,2.1,1.6,3.0,3.5
growth_yoy,p3.6,2017-07-01,6.7,4.7,6.0,1.9,0.7
growth_yoy,p3.7,2017-07-01,8.3,4.0,1.5,4.1,6.7
growth_yoy,p3.8,2017-07-01,7.7,0.0,2.7,7.7,4.9
growth_yoy,p4,2017-07-01,6.2,3.2,1.2,2.8,4.9
growth_yoy,p5,2017-07-01,6.6,4.1,2.8,2.4,3.7
growth_yoy,p5.1,2017-07-01,2.9,-5.0,-1.0,8.4,4.0
growth_yoy,p5.2,2017-07-01,7.6,6.6,5.8,0.9,1.7
growth_yoy,p5.3,2017-07-01,7.6,7.0,3.9,0.6,3.6
growth_yoy,p5.4,2017-07-01,6.4,1.0,1.0,5.3,5.3
growth_yoy,p5.5,2017-07-01,9.0,7.1,4.7,1.8,4.1
growth_yoy,p5.6,2017-07-01,4.3,5.0,4.9,-0.6,-0.6
growth_yoy,p5.7,2017-07-01,7.6,10.3,8.9,-2.4,-1.2
growth_yoy,p5.8,2017-07-01,5.7,-1.8,-2.6,7.6,8.6
growth_yoy,p0,2017-10-01,5.8,1.2,2.2,4.5,3.5
growth_yoy,p1,2017-10-01,9.4,2.0,4.5,7.3,4.8
growth_yoy,p2,2017-10-01,-0.9,-4.3,-5.3,3.6,4.7
growth_yoy,p3,2017-10-01,5.3,0.7,2.2,4.5,3.0
growth_yoy,p3.1,2017-10-01,10.9,-4.6,2.9,16.3,7.8
growth_yoy,p3.2,2017-10-01,5.5,0.0,5.6,5.5,-0.0
growth_yoy,p3.3,2017-10-01,8.4,-0.9,1.8,9.3,6.5
growth_yoy,p3.4,2017-10-01,1.5,-4.5,-2.0,6.3,3.5
growth_yoy,p3.5,2017-10-01,4.6,6.1,1.6,-1.5,3.0
growth_yoy,p3.6,2017-10-01,5.0,5.2,4.4,-0.3,0.5
growth_yoy,p3.7,2017-10-01,5.5,1.2,1.8,4.3,3.6
growth_yoy,p3.8,2017-10-01,3.6,0.8,6.3,2.8,-2.5
growth_yoy,p4,2017-10-01,5.9,3.6,4.3,2.2,1.5
growth_yoy,p5,2017-10-01,6.3,0.8,1.5,5.5,4.8
growth_yoy,p5.1,2017-10-01,4.3,-1.6,0.0,6.1,4.3
growth_yoy,p5.2,2017-10-01,7.1,3.7,3.7,3.3,3.3
growth_yoy,p5.3,2017-10-01,7.7,4.2,3.7,3.4,3.9
growth_yoy,p5.4,2017-10-01,6.0,-1.5,0.4,7.6,5.6
growth_yoy,p5.5,2017-10-01,8.3,9.0,7.8,-0.6,0.5
growth_yoy,p5.6,2017-10-01,5.8,2.4,2.8,3.3,2.9
growth_yoy,p5.7,2017-10-01,7.7,3.5,3.2,4.1,4.4
growth_yoy,p5.8,2017-10-01,4.6,-5.5,-2.7,10.7,7.5
growth_yoy,p0,2018-01-01,5.3,1.2,2.3,4.0,2.9
growth_yoy,p1,2018-01-01,3.1,4.8,4.2,-1.6,-1.1
growth_yoy,p2,2018-01-01,-2.4,-9.4,-8.1,7.7,6.2
growth_yoy,p3,2018-01-01,5.2,0.5,1.8,4.8,3.3
growth_yoy,p3.1,2018-01-01,9.2,-5.7,1.2,15.7,7.9
growth_yoy,p3.2,2018-01-01,1.4,9.1,5.6,-7.1,-4.0
growth_yoy,p3.3,2018-01-01,6.6,12.1,9.3,-4.9,-2.4
growth_yoy,p3.4,2018-01-01,4.0,0.0,-1.6,4.0,5.7
growth_yoy,p3.5,2018-01-01,4.9,3.3,1.0,1.6,3.8
growth_yoy,p3.6,2018-01-01,5.3,-1.8,2.8,7.2,2.4
growth_yoy,p3.7,2018-01-01,5.8,0.0,1.5,5.8,4.3
growth_yoy,p3.8,2018-01-01,2.2,2.6,1.1,-0.4,1.1
growth_yoy,p4,2018-01-01,4.9,4.9,4.0,-0.0,0.8
growth_yoy,p5,2018-01-01,6.6,0.2,1.8,6.4,4.7
growth_yoy,p5.1,2018-01-01,4.4,-1.7,0.0,6.2,4.4
growth_yoy,p5.2,2018-01-01,6.9,1.0,1.2,5.8,5.6
growth_yoy,p5.3,2018-01-01,7.9,3.4,5.8,4.4,2.0
growth_yoy,p5.4,2018-01-01,5.7,1.5,1.1,4.1,4.5
growth_yoy,p5.5,2018-01-01,8.1,6.7,3.4,1.4,4.5
growth_yoy,p5.6,2018-01-01,7.4,0.0,0.6,7.4,6.8
growth_yoy,p5.7,2018-01-01,7.6,5.7,5.2,1.7,2.3
growth_yoy,p5.8,2018-01-01,5.1,-5.4,-0.8,11.1,6.0
growth_yoy,p0,2018-04-01,4.8,0.9,2.4,3.8,2.3
growth_yoy,p1,2018-04-01,-1.5,-4.8,-3.7,3.4,2.3
growth_yoy,p2,2018-04-01,-1.3,-8.2,-7.3,7.5,6.5
growth_yoy,p3,2018-04-01,4.8,2.2,3.3,2.6,1.5
growth_yoy,p3.1,2018-04-01,4.5,2.2,4.9,2.2,-0.4
growth_yoy,p3.2,2018-04-01,3.3,9.1,5.6,-5.3,-2.1
growth_yoy,p3.3,2018-04-01,4.1,7.6,9.6,-3.3,-5.0
growth_yoy,p3.4,2018-04-01,3.4,7.1,-0.3,-3.4,3.7
growth_yoy,p3.5,2018-04-01,3.8,0.8,2.3,3.0,1.5
growth_yoy,p3.6,2018-04-01,5.2,0.9,3.1,4.3,2.0
growth_yoy,p3.7,2018-04-01,6.1,0.6,3.9,5.5,2.1
growth_yoy,p3.8,2018-04-01,6.1,-1.7,-1.0,7.9,7.2
growth_yoy,p4,2018-04-01,4.8,-0.2,0.6,5.0,4.2
growth_yoy,p5,2018-04-01,6.6,2.0,4.0,4.5,2.6
growth_yoy,p5.1,2018-04-01,5.0,3.5,4.2,1.5,0.8
growth_yoy,p5.2,2018-04-01,7.4,1.8,3.7,5.6,3.6
growth_yoy,p5.3,2018-04-01,9.1,6.7,8.8,2.2,0.2
growth_yoy,p5.4,2018-04-01,6.3,1.3,2.4,4.9,3.8
growth_yoy,p5.5,2018-04-01,8.5,0.8,2.8,7.7,5.6
growth_yoy,p5.6,2018-04-01,4.8,4.9,4.2,-0.1,0.6
growth_yoy,p5.7,2018-04-01,8.0,6.7,7.8,1.3,0.2
growth_yoy,p5.8,2018-04-01,5.0,-2.4,0.7,7.6,4.3
growth_yoy,p0,2018-07-01,4.5,1.3,2.6,3.2,1.9
growth_yoy,p1,2018-07-01,-0.6,-2.6,0.6,2.0,-1.3
growth_yoy,p2,2018-07-01,-4.9,-2.0,-6.0,-3.0,1.1
growth_yoy,p3,2018-07-01,5.0,2.3,2.7,2.7,2.3
growth_yoy,p3.1,2018-07-01,2.4,2.5,3.6,-0.1,-1.2
growth_yoy,p3.2,2018-07-01,3.1,0.0,5.6,3.1,-2.3
growth_yoy,p3.3,2018-07-01,2.9,2.7,3.6,0.3,-0.6
growth_yoy,p3.4,2018-07-01,6.3,0.5,1.3,5.8,4.9
growth_yoy,p3.5,2018-07-01,3.9,2.8,1.8,1.0,2.1
growth_yoy,p3.6,2018-07-01,5.2,0.0,1.7,5.2,3.5
growth_yoy,p3.7,2018-07-01,6.3,4.4,4.2,1.8,2.0
growth_yoy,p3.8,2018-07-01,7.7,1.8,0.5,5.8,7.1
growth_yoy,p4,2018-07-01,4.7,0.0,1.4,4.7,3.3
growth_yoy,p5,2018-07-01,7.3,2.0,3.2,5.2,3.9
growth_yoy,p5.1,2018-07-01,5.4,5.3,4.1,0.1,1.2
growth_yoy,p5.2,2018-07-01,9.6,3.7,4.1,5.7,5.3
growth_yoy,p5.3,2018-07-01,9.4,8.4,8.7,0.9,0.6
growth_yoy,p5.4,2018-07-01,6.7,1.3,2.2,5.3,4.4
growth_yoy,p5.5,2018-07-01,8.3,-1.5,1.8,9.9,6.4
growth_yoy,p5.6,2018-07-01,5.7,0.9,1.6,4.7,4.0
growth_yoy,p5.7,2018-07-01,7.9,-3.2,-0.7,11.4,8.6
growth_yoy,p5.8,2018-07-01,4.7,-0.2,1.8,4.9,2.8
growth_yoy,p0,2018-10-01,4.8,1.7,2.4,3.0,2.3
growth_yoy,p1,2018-10-01,-0.1,0.7,0.2,-0.8,-0.3
growth_yoy,p2,2018-10-01,-0.1,0.0,-2.8,-0.1,2.8
growth_yoy,p3,2018-10-01,4.7,1.7,2.1,3.0,2.5
growth_yoy,p3.1,2018-10-01,-0.1,5.3,2.8,-5.0,-2.8
growth_yoy,p3.2,2018-10-01,2.1,9.1,0.0,-6.4,2.1
growth_yoy,p3.3,2018-10-01,3.9,4.3,3.9,-0.4,-0.0
growth_yoy,p3.4,2018-10-01,4.9,-0.5,1.3,5.5,3.6
growth_yoy,p3.5,2018-10-01,3.6,0.0,1.3,3.6,2.3
growth_yoy,p3.6,2018-10-01,4.1,1.4,1.4,2.7,2.6
growth_yoy,p3.7,2018-10-01,6.9,1.7,2.9,5.1,3.9
growth_yoy,p3.8,2018-10-01,8.4,1.6,1.5,6.7,6.9
growth_yoy,p4,2018-10-01,2.5,-3.0,-2.6,5.6,5.2
growth_yoy,p5,2018-10-01,6.9,2.8,3.9,4.0,2.9
growth_yoy,p5.1,2018-10-01,5.0,1.7,3.0,3.3,2.0
growth_yoy,p5.2,2018-10-01,8.8,2.6,3.7,6.1,4.9
growth_yoy,p5.3,2018-10-01,9.5,9.0,8.8,0.5,0.6
growth_yoy,p5.4,2018-10-01,6.7,3.7,1.7,2.8,4.9
growth_yoy,p5.5,2018-10-01,7.8,5.3,7.2,2.5,0.6
growth_yoy,p5.6,2018-10-01,3.9,1.0,1.1,2.9,2.7
growth_yoy,p5.7,2018-10-01,7.7,0.0,2.4,7.7,5.2
growth_yoy,p5.8,2018-10-01,5.2,0.7,2.6,4.6,2.5
growth_yoy,p0,2019-01-01,4.7,2.0,2.2,2.6,2.4
growth_yoy,p1,2019-01-01,6.0,2.8,2.2,3.2,3.8
growth_yoy,p2,2019-01-01,0.1,-2.1,-3.8,2.2,4.1
growth_yoy,p3,2019-01-01,4.1,0.7,2.1,3.4,2.0
growth_yoy,p3.1,2019-01-01,5.1,6.4,2.8,-1.3,2.2
growth_yoy,p3.2,2019-01-01,4.6,0.0,5.3,4.6,-0.6
growth_yoy,p3.3,2019-01-01,4.7,0.0,3.6,4.7,1.0
growth_yoy,p3.4,2019-01-01,5.5,-4.1,2.0,10.0,3.4
growth_yoy,p3.5,2019-01-01,3.1,-2.4,1.0,5.6,2.0
growth_yoy,p3.6,2019-01-01,4.0,2.7,0.0,1.3,4.0
growth_yoy,p3.7,2019-01-01,3.7,0.9,3.1,2.8,0.5
growth_yoy,p3.8,2019-01-01,6.9,0.0,1.6,6.9,5.2
growth_yoy,p4,2019-01-01,0.6,-4.0,-4.1,4.8,4.9
growth_yoy,p5,2019-01-01,6.4,3.4,3.4,2.9,2.9
growth_yoy,p5.1,2019-01-01,7.1,3.4,2.0,3.6,5.0
growth_yoy,p5.2,2019-01-01,7.3,1.4,3.3,5.9,3.9
growth_yoy,p5.3,2019-01-01,9.5,9.6,8.3,-0.1,1.1
growth_yoy,p5.4,2019-01-01,6.6,1.8,2.8,4.7,3.7
growth_yoy,p5.5,2019-01-01,7.1,3.1,5.2,3.9,1.8
growth_yoy,p5.6,2019-01-01,4.6,4.9,2.8,-0.3,1.8
growth_yoy,p5.7,2019-01-01,7.5,2.0,3.2,5.5,4.2
growth_yoy,p5.8,2019-01-01,4.6,2.5,1.0,2.1,3.5
growth_yoy,p0,2019-04-01,4.9,2.4,2.1,2.4,2.8
growth_yoy,p1,2019-04-01,4.2,2.0,2.0,2.2,2.2
growth_yoy,p2,2019-04-01,2.4,2.2,1.3,0.2,1.1
growth_yoy,p3,2019-04-01,4.3,1.8,1.8,2.4,2.4
growth_yoy,p3.1,2019-04-01,4.5,6.0,2.1,-1.4,2.3
growth_yoy,p3.2,2019-04-01,4.4,0.0,5.3,4.4,-0.8
growth_yoy,p3.3,2019-04-01,5.8,0.0,5.0,5.8,0.8
growth_yoy,p3.4,2019-04-01,5.5,-1.5,1.3,7.1,4.1
growth_yoy,p3.5,2019-04-01,3.2,1.2,1.8,2.0,1.4
growth_yoy,p3.6,2019-04-01,4.3,0.5,0.0,3.8,4.3
growth_yoy,p3.7,2019-04-01,4.0,2.7,2.1,1.3,1.8
growth_yoy,p3.8,2019-04-01,6.8,1.8,1.1,5.0,5.7
growth_yoy,p4,2019-04-01,1.1,-2.7,-2.6,3.9,3.8
growth_yoy,p5,2019-04-01,6.1,3.6,3.0,2.5,3.0
growth_yoy,p5.1,2019-04-01,6.5,1.7,2.0,4.7,4.4
growth_yoy,p5.2,2019-04-01,6.9,3.1,3.3,3.7,3.4
growth_yoy,p5.3,2019-04-01,9.3,9.2,7.4,0.1,1.8
growth_yoy,p5.4,2019-04-01,7.0,3.2,2.5,3.7,4.4
growth_yoy,p5.5,2019-04-01,6.1,3.8,5.9,2.2,0.2
growth_yoy,p5.6,2019-04-01,4.8,0.0,1.1,4.8,3.7
growth_yoy,p5.7,2019-04-01,8.0,3.0,3.3,4.9,4.5
growth_yoy,p5.8,2019-04-01,4.1,1.6,0.2,2.5,3.9
growth_yoy,p0,2019-07-01,4.5,1.8,2.1,2.7,2.4
growth_yoy,p1,2019-07-01,3.7,2.1,1.7,1.6,2.0
growth_yoy,p2,2019-07-01,-2.8,-2.0,1.3,-0.7,-4.0
growth_yoy,p3,2019-07-01,3.6,0.7,2.0,2.9,1.5
growth_yoy,p3.1,2019-07-01,2.5,2.4,2.3,0.0,0.1
growth_yoy,p3.2,2019-07-01,3.7,0.0,0.0,3.7,3.7
growth_yoy,p3.3,2019-07-01,5.6,7.8,6.5,-2.0,-0.9
growth_yoy,p3.4,2019-07-01,5.7,0.5,1.3,5.2,4.4
growth_yoy,p3.5,2019-07-01,2.8,-1.2,2.0,4.0,0.7
growth_yoy,p3.6,2019-07-01,4.2,0.4,0.8,3.7,3.3
growth_yoy,p3.7,2019-07-01,3.0,-0.8,1.8,3.9,1.2
growth_yoy,p3.8,2019-07-01,6.6,0.9,0.5,5.7,6.0
growth_yoy,p4,2019-07-01,-1.4,-3.1,-3.5,1.8,2.2
growth_yoy,p5,2019-07-01,5.9,2.8,3.1,2.9,2.7
growth_yoy,p5.1,2019-07-01,5.6,1.7,2.0,3.9,3.5
growth_yoy,p5.2,2019-07-01,6.7,3.2,3.2,3.4,3.4
growth_yoy,p5.3,2019-07-01,9.3,6.6,7.5,2.5,1.7
growth_yoy,p5.4,2019-07-01,6.8,2.9,2.5,3.8,4.2
growth_yoy,p5.5,2019-07-01,6.0,4.5,5.7,1.4,0.2
growth_yoy,p5.6,2019-07-01,4.3,0.9,1.3,3.4,3.0
growth_yoy,p5.7,2019-07-01,7.8,1.7,3.0,6.0,4.6
growth_yoy,p5.8,2019-07-01,3.7,0.8,0.6,2.9,3.1
growth_yoy,p0,2019-10-01,3.6,2.1,2.2,1.5,1.4
growth_yoy,p1,2019-10-01,-5.5,0.2,0.5,-5.7,-6.0
growth_yoy,p2,2019-10-01,-2.4,-2.3,1.4,-0.1,-3.8
growth_yoy,p3,2019-10-01,3.0,1.8,2.3,1.2,0.8
growth_yoy,p3.1,2019-10-01,1.6,4.6,2.3,-2.9,-0.7
growth_yoy,p3.2,2019-10-01,3.8,0.0,0.0,3.8,3.8
growth_yoy,p3.3,2019-10-01,5.8,10.7,6.7,-4.5,-0.8
growth_yoy,p3.4,2019-10-01,5.0,1.1,1.6,3.9,3.3
growth_yoy,p3.5,2019-10-01,2.6,-1.5,2.3,4.2,0.3
growth_yoy,p3.6,2019-10-01,3.9,1.8,1.1,2.1,2.8
growth_yoy,p3.7,2019-10-01,2.4,0.3,1.9,2.1,0.4
growth_yoy,p3.8,2019-10-01,4.7,0.0,0.5,4.7,4.2
growth_yoy,p4,2019-10-01,1.3,-3.2,-2.1,4.6,3.5
growth_yoy,p5,2019-10-01,6.2,3.5,3.2,2.6,2.9
growth_yoy,p5.1,2019-10-01,5.4,1.6,1.9,3.7,3.4
growth_yoy,p5.2,2019-10-01,6.6,3.0,3.3,3.5,3.2
growth_yoy,p5.3,2019-10-01,9.9,6.9,7.6,2.8,2.1
growth_yoy,p5.4,2019-10-01,6.8,1.8,2.6,4.9,4.1
growth_yoy,p5.5,2019-10-01,6.7,5.7,5.5,0.9,1.1
growth_yoy,p5.6,2019-10-01,5.4,2.4,1.9,2.9,3.4
growth_yoy,p5.7,2019-10-01,8.2,3.6,3.1,4.4,5.0
growth_yoy,p5.8,2019-10-01,4.4,2.1,0.7,2.2,3.7
growth_yoy,p0,2020-01-01,0.7,-1.4,1.6,2.1,-0.9
growth_yoy,p1,2020-01-01,-8.8,-1.8,0.1,-7.1,-8.9
growth_yoy,p2,2020-01-01,-2.9,-4.3,-2.6,1.4,-0.3
growth_yoy,p3,2020-01-01,1.3,-0.7,1.6,2.1,-0.3
growth_yoy,p3.1,2020-01-01,-3.4,1.2,1.8,-4.6,-5.2
growth_yoy,p3.2,2020-01-01,-1.3,0.0,0.0,-1.3,-1.3
growth_yoy,p3.3,2020-01-01,3.6,4.6,4.3,-1.0,-0.7
growth_yoy,p3.4,2020-01-01,1.2,-1.6,0.7,2.9,0.6
growth_yoy,p3.5,2020-01-01,3.8,-0.4,2.0,4.2,1.8
growth_yoy,p3.6,2020-01-01,-0.0,-2.2,0.3,2.2,-0.3
growth_yoy,p3.7,2020-01-01,1.9,-2.6,1.8,4.6,0.2
growth_yoy,p3.8,2020-01-01,-1.7,-1.7,0.0,0.0,-1.7
growth_yoy,p4,2020-01-01,-7.9,-6.4,-2.7,-1.7,-5.4
growth_yoy,p5,2020-01-01,3.2,-0.6,2.5,3.8,0.6
growth_yoy,p5.1,2020-01-01,0.2,-1.6,2.0,1.9,-1.7
growth_yoy,p5.2,2020-01-01,2.1,-0.2,2.3,2.3,-0.2
growth_yoy,p5.3,2020-01-01,1.6,1.0,6.4,0.6,-4.5
growth_yoy,p5.4,2020-01-01,-1.5,-1.8,2.4,0.3,-3.8
growth_yoy,p5.5,2020-01-01,6.7,3.0,4.5,3.5,2.0
growth_yoy,p5.6,2020-01-01,5.1,-1.9,1.4,7.1,3.7
growth_yoy,p5.7,2020-01-01,3.7,0.6,2.4,3.1,1.3
growth_yoy,p5.8,2020-01-01,4.1,-2.4,0.5,6.7,3.6
growth_yoy,p0,2020-04-01,-16.9,-28.3,-1.3,15.8,-15.8
growth_yoy,p1,2020-04-01,0.6,-13.1,-0.5,15.8,1.2
growth_yoy,p2,2020-04-01,-19.2,-23.9,-2.6,6.1,-17.1
growth_yoy,p3,2020-04-01,-18.6,-29.1,-1.3,14.8,-17.5
growth_yoy,p3.1,2020-04-01,8.8,-19.3,1.6,34.7,7.0
growth_yoy,p3.2,2020-04-01,-51.0,-25.0,-15.0,-34.7,-42.4
growth_yoy,p3.3,2020-04-01,-41.7,-13.4,-3.2,-32.7,-39.8
growth_yoy,p3.4,2020-04-01,-32.5,-42.3,-4.9,16.8,-29.1
growth_yoy,p3.5,2020-04-01,-13.3,-20.0,0.5,8.3,-13.8
growth_yoy,p3.6,2020-04-01,-40.1,-31.8,-0.3,-12.1,-39.9
growth_yoy,p3.7,2020-04-01,-8.9,-32.9,-0.7,35.7,-8.2
growth_yoy,p3.8,2020-04-01,-32.9,-48.3,-6.2,29.8,-28.4
growth_yoy,p4,2020-04-01,-44.3,-42.7,-6.3,-2.8,-40.5
growth_yoy,p5,2020-04-01,-15.9,-28.5,-0.6,17.6,-15.4
growth_yoy,p5.1,2020-04-01,-5.9,-25.0,1.0,25.4,-6.8
growth_yoy,p5.2,2020-04-01,-23.0,-29.5,-0.2,9.3,-22.9
growth_yoy,p5.3,2020-04-01,-41.1,-30.9,-2.5,-14.7,-39.5
growth_yoy,p5.4,2020-04-01,-44.8,-37.3,-0.6,-11.9,-44.4
growth_yoy,p5.5,2020-04-01,4.7,-30.9,3.0,51.5,1.7
growth_yoy,p5.6,2020-04-01,-5.7,-22.2,0.0,21.2,-5.7
growth_yoy,p5.7,2020-04-01,-24.3,-29.3,0.8,7.0,-25.0
growth_yoy,p5.8,2020-04-01,-5.5,-24.3,-1.0,24.8,-4.5
growth_yoy,p0,2020-07-01,-2.5,-2.8,-0.4,0.3,-2.1
growth_yoy,p1,2020-07-01,-0.5,-1.1,-0.8,0.6,0.3
growth_yoy,p2,2020-07-01,-6.6,-2.1,-1.3,-4.6,-5.4
growth_yoy,p3,2020-07-01,3.2,-3.5,-0.4,6.9,3.6
growth_yoy,p3.1,2020-07-01,7.0,-3.2,1.6,10.5,5.3
growth_yoy,p3.2,2020-07-01,-2.4,-8.3,-10.5,6.4,9.0
growth_yoy,p3.3,2020-07-01,-8.5,0.0,-1.2,-8.5,-7.3
growth_yoy,p3.4,2020-07-01,-0.3,-7.3,-3.2,7.5,3.0
growth_yoy,p3.5,2020-07-01,2.1,-1.2,2.2,3.4,-0.1
growth_yoy,p3.6,2020-07-01,-6.6,-4.4,-0.3,-2.2,-6.3
growth_yoy,p3.7,2020-07-01,9.1,-2.8,-0.5,12.3,9.6
growth_yoy,p3.8,2020-07-01,4.7,-6.0,-3.6,11.4,8.7
growth_yoy,p4,2020-07-01,-12.2,-3.7,-2.4,-8.9,-10.1
growth_yoy,p5,2020-07-01,-3.6,-2.7,-0.1,-0.9,-3.5
growth_yoy,p5.1,2020-07-01,0.0,-1.6,0.0,1.7,0.0
growth_yoy,p5.2,2020-07-01,-2.1,-2.8,0.9,0.7,-3.0
growth_yoy,p5.3,2020-07-01,-29.8,-8.5,-2.3,-23.3,-28.1
growth_yoy,p5.4,2020-07-01,-16.6,-4.0,-0.8,-13.1,-16.0
growth_yoy,p5.5,2020-07-01,5.2,3.6,3.3,1.6,1.8
growth_yoy,p5.6,2020-07-01,5.8,-1.9,0.5,7.8,5.2
growth_yoy,p5.7,2020-07-01,-15.3,-2.7,0.4,-13.0,-15.6
growth_yoy,p5.8,2020-07-01,-0.1,0.8,-0.1,-0.9,0.0
growth_yoy,p0,2020-10-01,-3.2,-2.7,-0.6,-0.5,-2.6
growth_yoy,p1,2020-10-01,-1.2,-0.3,-0.3,-0.9,-0.9
growth_yoy,p2,2020-10-01,-9.8,-4.7,-2.9,-5.4,-7.1
growth_yoy,p3,2020-10-01,3.0,-2.8,-0.2,6.0,3.2
growth_yoy,p3.1,2020-10-01,-6.8,1.2,3.2,-7.9,-9.6
growth_yoy,p3.2,2020-10-01,-1.8,-16.7,-10.5,17.8,9.7
growth_yoy,p3.3,2020-10-01,-1.0,-0.7,-2.0,-0.2,1.0
growth_yoy,p3.4,2020-10-01,2.2,-7.3,-2.6,10.3,4.9
growth_yoy,p3.5,2020-10-01,3.0,-1.9,2.7,5.0,0.3
growth_yoy,p3.6,2020-10-01,-1.9,-2.2,0.8,0.3,-2.7
growth_yoy,p3.7,2020-10-01,7.7,-2.0,0.0,9.8,7.7
growth_yoy,p3.8,2020-10-01,7.1,-9.4,-8.7,18.3,17.3
growth_yoy,p4,2020-10-01,-13.7,-7.6,-6.0,-6.6,-8.2
growth_yoy,p5,2020-10-01,-4.5,-2.2,0.1,-2.4,-4.6
growth_yoy,p5.1,2020-10-01,1.7,-3.2,0.0,5.1,1.7
growth_yoy,p5.2,2020-10-01,-0.9,-1.4,1.5,0.4,-2.4
growth_yoy,p5.3,2020-10-01,-35.6,-8.0,-3.0,-30.0,-33.6
growth_yoy,p5.4,2020-10-01,-22.9,-6.7,-1.4,-17.4,-21.8
growth_yoy,p5.5,2020-10-01,7.1,0.7,1.6,6.4,5.4
growth_yoy,p5.6,2020-10-01,6.2,-2.3,-0.3,8.7,6.5
growth_yoy,p5.7,2020-10-01,-21.2,-2.6,0.1,-19.1,-21.3
growth_yoy,p5.8,2020-10-01,-1.1,1.9,1.0,-2.9,-2.0
growth_yoy,p0,2021-01-01,-0.2,-0.8,-0.0,0.6,-0.2
growth_yoy,p1,2021-01-01,0.1,0.8,-0.7,-0.7,0.8
growth_yoy,p2,2021-01-01,-3.3,-2.2,0.0,-1.1,-3.3
growth_yoy,p3,2021-01-01,6.6,-1.4,1.1,8.1,5.4
growth_yoy,p3.1,2021-01-01,-0.3,-1.6,3.6,1.3,-3.7
growth_yoy,p3.2,2021-01-01,4.4,-16.7,-10.0,25.3,16.0
growth_yoy,p3.3,2021-01-01,1.9,-2.2,-1.5,4.2,3.5
growth_yoy,p3.4,2021-01-01,4.0,-7.0,-1.3,11.8,5.4
growth_yoy,p3.5,2021-01-01,7.4,2.8,4.4,4.4,2.8
growth_yoy,p3.6,2021-01-01,0.9,0.0,2.5,0.9,-1.5
growth_yoy,p3.7,2021-01-01,10.6,-0.6,0.0,11.3,10.6
growth_yoy,p3.8,2021-01-01,8.0,-3.5,-1.0,11.9,9.1
growth_yoy,p4,2021-01-01,-10.5,-1.8,-2.3,-8.8,-8.4
growth_yoy,p5,2021-01-01,-2.0,-0.8,0.2,-1.2,-2.1
growth_yoy,p5.1,2021-01-01,1.9,0.0,1.9,1.9,-0.1
growth_yoy,p5.2,2021-01-01,1.6,-0.6,1.3,2.2,0.2
growth_yoy,p5.3,2021-01-01,-30.2,-4.8,-3.3,-26.8,-27.9
growth_yoy,p5.4,2021-01-01,-16.6,-1.2,-1.4,-15.6,-15.4
growth_yoy,p5.5,2021-01-01,6.0,2.9,4.3,3.0,1.6
growth_yoy,p5.6,2021-01-01,11.2,1.4,0.3,9.6,10.9
growth_yoy,p5.7,2021-01-01,-17.1,-4.3,-2.4,-13.4,-15.1
growth_yoy,p5.8,2021-01-01,-0.9,2.6,2.2,-3.4,-3.0
growth_yoy,p0,2021-04-01,16.3,33.3,2.2,-12.7,13.9
growth_yoy,p1,2021-04-01,-1.5,16.7,1.8,-15.6,-3.3
growth_yoy,p2,2021-04-01,12.6,22.9,-1.3,-8.4,14.1
growth_yoy,p3,2021-04-01,26.7,32.2,2.8,-4.2,23.2
growth_yoy,p3.1,2021-04-01,-2.1,23.4,4.7,-20.7,-6.5
growth_yoy,p3.2,2021-04-01,54.9,11.1,0.0,39.4,54.9
growth_yoy,p3.3,2021-04-01,38.5,13.6,5.7,21.9,31.0
growth_yoy,p3.4,2021-04-01,38.7,37.5,-1.4,0.9,40.7
growth_yoy,p3.5,2021-04-01,28.2,25.0,5.2,2.5,21.9
growth_yoy,p3.6,2021-04-01,33.2,32.9,-0.6,0.2,33.9
growth_yoy,p3.7,2021-04-01,26.3,41.6,3.0,-10.8,22.7
growth_yoy,p3.8,2021-04-01,43.2,75.0,1.7,-18.2,40.8
growth_yoy,p4,2021-04-01,40.3,52.3,1.9,-7.9,37.7
growth_yoy,p5,2021-04-01,14.0,34.9,2.1,-15.5,11.7
growth_yoy,p5.1,2021-04-01,7.3,28.9,1.9,-16.7,5.3
growth_yoy,p5.2,2021-04-01,21.5,32.6,1.3,-8.4,19.9
growth_yoy,p5.3,2021-04-01,9.1,38.3,3.4,-21.1,5.5
growth_yoy,p5.4,2021-04-01,37.5,50.5,-0.2,-8.6,37.8
growth_yoy,p5.5,2021-04-01,5.6,52.1,2.9,-30.6,2.6
growth_yoy,p5.6,2021-04-01,23.0,25.6,-1.1,-2.1,24.3
growth_yoy,p5.7,2021-04-01,3.2,36.3,0.8,-24.3,2.3
growth_yoy,p5.8,2021-04-01,7.8,31.8,3.6,-18.3,4.1
growth_yoy,p0,2021-07-01,-4.2,-3.9,1.2,-0.3,-5.3
growth_yoy,p1,2021-07-01,-2.2,1.5,0.6,-3.7,-2.9
growth_yoy,p2,2021-07-01,-3.6,-6.4,-2.6,2.9,-1.1
growth_yoy,p3,2021-07-01,-0.9,-2.9,2.8,2.0,-3.7
growth_yoy,p3.1,2021-07-01,0.6,2.0,4.9,-1.4,-4.1
growth_yoy,p3.2,2021-07-01,-40.4,-9.1,5.9,-34.4,-43.7
growth_yoy,p3.3,2021-07-01,-5.6,0.8,4.9,-6.4,-10.0
growth_yoy,p3.4,2021-07-01,-12.6,-12.4,0.7,-0.2,-13.2
growth_yoy,p3.5,2021-07-01,12.7,1.6,3.2,10.9,9.3
growth_yoy,p3.6,2021-07-01,-14.2,-7.0,0.3,-7.8,-14.4
growth_yoy,p3.7,2021-07-01,7.1,-2.3,3.1,9.7,3.9
growth_yoy,p3.8,2021-07-01,-31.3,-7.3,1.6,-25.9,-32.4
growth_yoy,p4,2021-07-01,-20.6,-15.8,-2.1,-5.7,-18.8
growth_yoy,p5,2021-07-01,-4.4,-3.2,1.4,-1.3,-5.7
growth_yoy,p5.1,2021-07-01,-1.7,-8.3,1.9,7.2,-3.6
growth_yoy,p5.2,2021-07-01,-10.5,-3.9,1.8,-6.8,-12.1
growth_yoy,p5.3,2021-07-01,-16.8,4.5,3.1,-20.4,-19.3
growth_yoy,p5.4,2021-07-01,-11.8,-5.2,-1.0,-7.0,-11.0
growth_yoy,p5.5,2021-07-01,6.0,-0.7,1.2,6.7,4.7
growth_yoy,p5.6,2021-07-01,4.4,-2.4,-1.3,6.9,5.8
growth_yoy,p5.7,2021-07-01,-14.7,-6.8,-2.0,-8.4,-12.9
growth_yoy,p5.8,2021-07-01,0.5,-5.2,2.2,6.0,-1.6
growth_yoy,p0,2021-10-01,3.5,2.3,1.8,1.2,1.7
growth_yoy,p1,2021-10-01,2.9,1.1,-0.1,1.8,3.0
growth_yoy,p2,2021-10-01,-0.9,9.8,11.8,-9.7,-11.3
growth_yoy,p3,2021-10-01,9.1,4.3,3.6,4.6,5.3
growth_yoy,p3.1,2021-10-01,10.4,7.1,5.5,3.1,4.7
growth_yoy,p3.2,2021-10-01,9.6,0.0,5.9,9.6,3.5
growth_yoy,p3.3,2021-10-01,3.9,3.8,7.2,0.2,-3.0
growth_yoy,p3.4,2021-10-01,5.4,3.4,2.0,1.9,3.3
growth_yoy,p3.5,2021-10-01,6.6,3.6,1.9,2.9,4.6
growth_yoy,p3.6,2021-10-01,5.6,2.2,2.2,3.2,3.3
growth_yoy,p3.7,2021-10-01,16.4,6.1,4.3,9.8,11.6
growth_yoy,p3.8,2021-10-01,2.1,0.9,2.1,1.2,0.0
growth_yoy,p4,2021-10-01,-12.1,-1.5,-1.3,-10.8,-11.0
growth_yoy,p5,2021-10-01,3.3,2.5,2.1,0.8,1.1
growth_yoy,p5.1,2021-10-01,4.1,3.3,0.0,0.8,4.1
growth_yoy,p5.2,2021-10-01,1.7,2.7,4.5,-0.9,-2.6
growth_yoy,p5.3,2021-10-01,6.1,3.5,0.9,2.5,5.2
growth_yoy,p5.4,2021-10-01,11.4,2.2,-0.5,9.0,12.0
growth_yoy,p5.5,2021-10-01,6.6,2.0,2.0,4.5,4.5
growth_yoy,p5.6,2021-10-01,3.7,0.5,0.0,3.2,3.7
growth_yoy,p5.7,2021-10-01,-4.9,-1.5,-1.0,-3.5,-4.0
growth_yoy,p5.8,2021-10-01,3.3,4.0,3.0,-0.6,0.4
growth_yoy,p0,2022-01-01,5.1,4.6,2.2,0.4,2.8
growth_yoy,p1,2022-01-01,1.6,0.4,-0.9,1.2,2.5
growth_yoy,p2,2022-01-01,-1.0,2.3,2.7,-3.2,-3.6
growth_yoy,p3,2022-01-01,6.7,6.8,3.8,-0.0,2.9
growth_yoy,p3.1,2022-01-01,5.3,12.6,5.4,-6.4,-0.1
growth_yoy,p3.2,2022-01-01,5.2,10.0,0.0,-4.3,5.2
growth_yoy,p3.3,2022-01-01,4.8,9.0,5.7,-3.8,-0.8
growth_yoy,p3.4,2022-01-01,6.9,5.8,2.0,1.0,4.8
growth_yoy,p3.5,2022-01-01,-0.3,4.3,2.6,-4.5,-2.9
growth_yoy,p3.6,2022-01-01,5.3,1.8,1.9,3.5,3.4
growth_yoy,p3.7,2022-01-01,15.4,6.8,4.2,8.0,10.7
growth_yoy,p3.8,2022-01-01,2.6,8.1,3.7,-5.1,-1.1
growth_yoy,p4,2022-01-01,-6.0,2.2,-0.6,-8.0,-5.4
growth_yoy,p5,2022-01-01,6.5,5.2,2.8,1.2,3.5
growth_yoy,p5.1,2022-01-01,2.0,5.0,0.9,-2.9,1.0
growth_yoy,p5.2,2022-01-01,4.3,6.8,4.9,-2.3,-0.5
growth_yoy,p5.3,2022-01-01,23.5,8.3,3.9,14.0,18.8
growth_yoy,p5.4,2022-01-01,22.1,3.4,0.5,18.1,21.5
growth_yoy,p5.5,2022-01-01,6.2,6.4,4.6,-0.2,1.6
growth_yoy,p5.6,2022-01-01,-1.4,0.9,-0.5,-2.3,-0.8
growth_yoy,p5.7,2022-01-01,9.8,3.2,0.7,6.3,9.0
growth_yoy,p5.8,2022-01-01,7.0,3.6,2.0,3.3,5.0
growth_yoy,p0,2022-04-01,9.2,7.5,3.2,1.6,5.8
growth_yoy,p1,2022-04-01,-1.7,1.1,-0.7,-2.8,-0.9
growth_yoy,p2,2022-04-01,-1.7,4.7,2.7,-6.1,-4.3
growth_yoy,p3,2022-04-01,9.3,11.3,5.0,-1.8,4.1
growth_yoy,p3.1,2022-04-01,2.8,10.9,5.4,-7.3,-2.5
growth_yoy,p3.2,2022-04-01,28.2,0.0,5.9,28.2,21.1
growth_yoy,p3.3,2022-04-01,7.0,15.2,6.2,-7.1,0.8
growth_yoy,p3.4,2022-04-01,12.1,19.5,6.3,-6.2,5.5
growth_yoy,p3.5,2022-04-01,-0.8,5.2,2.4,-5.7,-3.0
growth_yoy,p3.6,2022-04-01,10.5,11.4,4.5,-0.8,5.7
growth_yoy,p3.7,2022-04-01,15.5,11.5,5.1,3.6,9.9
growth_yoy,p3.8,2022-04-01,20.4,11.4,6.6,8.0,13.0
growth_yoy,p4,2022-04-01,2.7,8.0,-0.5,-4.9,3.2
growth_yoy,p5,2022-04-01,12.6,7.7,4.2,4.6,8.1
growth_yoy,p5.1,2022-04-01,3.9,6.9,2.9,-2.8,1.0
growth_yoy,p5.2,2022-04-01,17.8,10.9,6.0,6.3,11.2
growth_yoy,p5.3,2022-04-01,39.4,7.9,4.6,29.1,33.3
growth_yoy,p5.4,2022-04-01,37.1,12.6,8.4,21.7,26.4
growth_yoy,p5.5,2022-04-01,5.9,4.2,4.0,1.6,1.8
growth_yoy,p5.6,2022-04-01,-1.6,1.4,-0.5,-3.0,-1.1
growth_yoy,p5.7,2022-04-01,22.8,5.5,2.7,16.3,19.6
growth_yoy,p5.8,2022-04-01,7.2,5.5,2.7,1.6,4.3
growth_yoy,p0,2022-07-01,14.6,10.0,3.6,4.2,10.6
growth_yoy,p1,2022-07-01,2.6,2.0,-0.6,0.6,3.2
growth_yoy,p2,2022-07-01,10.4,4.5,0.0,5.6,10.4
growth_yoy,p3,2022-07-01,13.2,11.5,4.6,1.5,8.2
growth_yoy,p3.1,2022-07-01,5.6,11.2,5.8,-5.1,-0.2
growth_yoy,p3.2,2022-07-01,49.4,10.0,0.0,35.8,49.4
growth_yoy,p3.3,2022-07-01,12.4,10.3,5.9,1.9,6.2
growth_yoy,p3.4,2022-07-01,15.7,19.2,3.0,-2.9,12.4
growth_yoy,p3.5,2022-07-01,4.3,5.6,3.5,-1.2,0.7
growth_yoy,p3.6,2022-07-01,13.6,13.5,3.6,0.1,9.7
growth_yoy,p3.7,2022-07-01,17.4,11.0,5.2,5.7,11.5
growth_yoy,p3.8,2022-07-01,37.2,14.7,4.8,19.6,30.9
growth_yoy,p4,2022-07-01,15.2,17.7,0.3,-2.2,14.8
growth_yoy,p5,2022-07-01,17.2,10.1,4.8,6.4,11.9
growth_yoy,p5.1,2022-07-01,7.9,14.5,4.8,-5.8,3.0
growth_yoy,p5.2,2022-07-01,24.5,12.2,5.4,10.9,18.1
growth_yoy,p5.3,2022-07-01,54.0,7.8,5.3,42.9,46.3
growth_yoy,p5.4,2022-07-01,42.2,17.7,11.2,20.8,27.9
growth_yoy,p5.5,2022-07-01,4.3,9.0,4.0,-4.3,0.3
growth_yoy,p5.6,2022-07-01,3.5,1.0,0.5,2.6,3.0
growth_yoy,p5.7,2022-07-01,36.5,9.3,4.7,24.9,30.3
growth_yoy,p5.8,2022-07-01,8.6,9.6,3.3,-0.9,5.1
growth_yoy,p0,2022-10-01,7.4,5.0,3.2,2.3,4.0
growth_yoy,p1,2022-10-01,2.6,1.7,-0.5,0.8,3.1
growth_yoy,p2,2022-10-01,7.3,2.2,0.0,4.9,7.3
growth_yoy,p3,2022-10-01,4.0,3.6,2.3,0.4,1.7
growth_yoy,p3.1,2022-10-01,4.6,4.8,3.9,-0.1,0.7
growth_yoy,p3.2,2022-10-01,-4.4,10.0,0.0,-13.1,-4.4
growth_yoy,p3.3,2022-10-01,-0.3,-1.4,-3.0,1.1,2.8
growth_yoy,p3.4,2022-10-01,-2.7,4.9,0.0,-7.2,-2.7
growth_yoy,p3.5,2022-10-01,1.0,2.3,1.9,-1.3,-0.9
growth_yoy,p3.6,2022-10-01,2.1,0.9,1.1,1.3,1.1
growth_yoy,p3.7,2022-10-01,9.2,5.2,3.9,3.8,5.0
growth_yoy,p3.8,2022-10-01,5.0,6.9,7.3,-1.8,-2.1
growth_yoy,p4,2022-10-01,10.3,2.0,0.1,8.2,10.3
growth_yoy,p5,2022-10-01,9.3,6.4,4.7,2.6,4.3
growth_yoy,p5.1,2022-10-01,0.5,8.1,3.8,-7.0,-3.2
growth_yoy,p5.2,2022-10-01,9.8,8.0,4.8,1.7,4.8
growth_yoy,p5.3,2022-10-01,25.2,5.3,7.5,18.9,16.5
growth_yoy,p5.4,2022-10-01,19.9,12.3,9.6,6.8,9.5
growth_yoy,p5.5,2022-10-01,4.2,7.9,3.1,-3.4,1.1
growth_yoy,p5.6,2022-10-01,1.0,-4.2,1.3,5.4,-0.4
growth_yoy,p5.7,2022-10-01,28.6,8.5,4.1,18.4,23.5
growth_yoy,p5.8,2022-10-01,6.5,4.6,2.9,1.8,3.5
growth_yoy,p0,2023-01-01,5.7,3.5,3.1,2.1,2.5
growth_yoy,p1,2023-01-01,0.9,1.8,1.1,-0.9,-0.2
growth_yoy,p2,2023-01-01,3.0,2.2,0.0,0.8,3.0
growth_yoy,p3,2023-01-01,3.2,3.0,2.6,0.2,0.7
growth_yoy,p3.1,2023-01-01,7.1,4.7,4.9,2.3,2.1
growth_yoy,p3.2,2023-01-01,5.5,0.0,5.6,5.5,-0.1
growth_yoy,p3.3,2023-01-01,0.9,-3.4,-6.1,4.5,7.4
growth_yoy,p3.4,2023-01-01,-4.0,2.7,1.0,-6.6,-4.9
growth_yoy,p3.5,2023-01-01,1.8,1.9,1.1,-0.1,0.6
growth_yoy,p3.6,2023-01-01,3.5,1.3,1.1,2.1,2.4
growth_yoy,p3.7,2023-01-01,3.8,4.7,6.2,-0.9,-2.2
growth_yoy,p3.8,2023-01-01,7.7,7.5,7.1,0.2,0.6
growth_yoy,p4,2023-01-01,7.4,0.8,0.7,6.5,6.7
growth_yoy,p5,2023-01-01,7.3,4.3,4.1,2.8,3.1
growth_yoy,p5.1,2023-01-01,0.7,3.2,0.9,-2.4,-0.2
growth_yoy,p5.2,2023-01-01,9.7,4.3,3.0,5.2,6.5
growth_yoy,p5.3,2023-01-01,12.2,6.6,7.8,5.3,4.1
growth_yoy,p5.4,2023-01-01,16.0,7.4,7.3,8.1,8.1
growth_yoy,p5.5,2023-01-01,3.8,4.7,6.3,-0.9,-2.4
growth_yoy,p5.6,2023-01-01,1.7,-4.7,2.1,6.6,-0.5
growth_yoy,p5.7,2023-01-01,11.5,6.4,4.3,4.8,6.9
growth_yoy,p5.8,2023-01-01,5.8,2.6,2.2,3.1,3.5
growth_yoy,p0,2023-04-01,2.7,4.0,2.8,-1.3,-0.2
growth_yoy,p1,2023-04-01,-1.2,1.9,0.3,-3.0,-1.5
growth_yoy,p2,2023-04-01,-2.2,4.4,0.0,-6.4,-2.2
growth_yoy,p3,2023-04-01,0.1,4.2,2.8,-3.9,-2.6
growth_yoy,p3.1,2023-04-01,2.1,5.1,5.5,-2.8,-3.2
growth_yoy,p3.2,2023-04-01,8.8,10.0,5.6,-1.1,3.0
growth_yoy,p3.3,2023-04-01,3.7,-0.7,-4.4,4.4,8.5
growth_yoy,p3.4,2023-04-01,-1.4,4.9,4.6,-6.0,-5.8
growth_yoy,p3.5,2023-04-01,-1.6,3.0,0.5,-4.5,-2.1
growth_yoy,p3.6,2023-04-01,5.4,1.3,1.3,4.1,4.1
growth_yoy,p3.7,2023-04-01,-1.5,6.5,4.2,-7.5,-5.5
growth_yoy,p3.8,2023-04-01,0.7,6.0,6.2,-5.0,-5.2
growth_yoy,p4,2023-04-01,6.2,2.7,1.0,3.4,5.1
growth_yoy,p5,2023-04-01,4.4,4.6,3.6,-0.2,0.7
growth_yoy,p5.1,2023-04-01,3.5,4.8,0.9,-1.3,2.6
growth_yoy,p5.2,2023-04-01,4.6,3.8,1.9,0.7,2.6
growth_yoy,p5.3,2023-04-01,6.9,9.5,8.9,-2.4,-1.8
growth_yoy,p5.4,2023-04-01,13.5,7.4,6.5,5.7,6.5
growth_yoy,p5.5,2023-04-01,3.7,6.0,5.1,-2.2,-1.3
growth_yoy,p5.6,2023-04-01,-5.3,3.7,2.1,-8.7,-7.3
growth_yoy,p5.7,2023-04-01,7.7,5.1,3.0,2.5,4.5
growth_yoy,p5.8,2023-04-01,5.6,1.4,1.9,4.1,3.6
growth_yoy,p0,2023-07-01,3.1,4.2,2.7,-1.1,0.4
growth_yoy,p1,2023-07-01,0.1,1.8,0.6,-1.7,-0.5
growth_yoy,p2,2023-07-01,-2.0,0.0,0.0,-2.0,-2.0
growth_yoy,p3,2023-07-01,-0.1,4.6,3.0,-4.5,-3.1
growth_yoy,p3.1,2023-07-01,4.1,7.6,6.9,-3.2,-2.6
growth_yoy,p3.2,2023-07-01,4.5,-9.1,5.6,15.0,-1.0
growth_yoy,p3.3,2023-07-01,0.4,-2.2,-3.3,2.6,3.8
growth_yoy,p3.4,2023-07-01,0.7,7.5,4.9,-6.4,-4.0
growth_yoy,p3.5,2023-07-01,-2.4,2.6,0.7,-4.9,-3.1
growth_yoy,p3.6,2023-07-01,5.5,3.1,3.2,2.3,2.2
growth_yoy,p3.7,2023-07-01,-2.5,5.6,2.9,-7.8,-5.3
growth_yoy,p3.8,2023-07-01,4.4,6.8,5.6,-2.2,-1.1
growth_yoy,p4,2023-07-01,7.1,1.9,1.5,5.1,5.6
growth_yoy,p5,2023-07-01,5.0,4.9,3.1,0.1,1.8
growth_yoy,p5.1,2023-07-01,2.1,4.8,0.0,-2.6,2.1
growth_yoy,p5.2,2023-07-01,5.5,2.2,1.8,3.3,3.6
growth_yoy,p5.3,2023-07-01,5.5,10.9,8.7,-4.9,-2.9
growth_yoy,p5.4,2023-07-01,12.8,5.5,4.9,6.9,7.5
growth_yoy,p5.5,2023-07-01,3.5,1.9,4.2,1.6,-0.7
growth_yoy,p5.6,2023-07-01,-0.9,4.8,1.6,-5.5,-2.5
growth_yoy,p5.7,2023-07-01,7.8,7.0,1.8,0.8,5.9
growth_yoy,p5.8,2023-07-01,5.4,3.2,1.3,2.1,4.0
growth_yoy,p0,2023-10-01,2.8,2.3,2.5,0.6,0.3
growth_yoy,p1,2023-10-01,1.2,0.9,0.8,0.3,0.4
growth_yoy,p2,2023-10-01,3.1,2.2,0.0,0.9,3.1
growth_yoy,p3,2023-10-01,-0.3,2.6,3.0,-2.8,-3.2
growth_yoy,p3.1,2023-10-01,7.3,4.2,5.4,2.9,1.8
growth_yoy,p3.2,2023-10-01,5.4,9.1,5.6,-3.4,-0.1
growth_yoy,p3.3,2023-10-01,-0.1,-2.2,1.2,2.2,-1.2
growth_yoy,p3.4,2023-10-01,3.8,3.6,5.8,0.1,-1.9
growth_yoy,p3.5,2023-10-01,-0.6,2.6,2.5,-3.2,-3.1
growth_yoy,p3.6,2023-10-01,6.3,3.5,3.4,2.7,2.7
growth_yoy,p3.7,2023-10-01,-6.0,2.3,1.4,-8.2,-7.3
growth_yoy,p3.8,2023-10-01,2.3,1.6,0.5,0.7,1.8
growth_yoy,p4,2023-10-01,3.4,1.0,1.2,2.4,2.3
growth_yoy,p5,2023-10-01,4.1,2.6,2.9,1.4,1.1
growth_yoy,p5.1,2023-10-01,4.4,0.0,1.8,4.4,2.5
growth_yoy,p5.2,2023-10-01,4.4,-0.7,1.8,5.1,2.6
growth_yoy,p5.3,2023-10-01,4.3,9.9,8.5,-5.1,-3.8
growth_yoy,p5.4,2023-10-01,12.5,1.6,2.5,10.7,9.7
growth_yoy,p5.5,2023-10-01,3.3,0.0,3.4,3.3,-0.1
growth_yoy,p5.6,2023-10-01,-5.1,9.8,1.9,-13.6,-6.9
growth_yoy,p5.7,2023-10-01,7.4,0.3,1.8,7.1,5.6
growth_yoy,p5.8,2023-10-01,5.2,2.1,1.4,3.0,3.8
growth_yoy,p0,2024-01-01,4.2,2.2,2.1,1.9,2.0
growth_yoy,p1,2024-01-01,1.9,0.7,0.1,1.2,1.9
growth_yoy,p2,2024-01-01,4.3,2.2,0.0,2.1,4.3
growth_yoy,p3,2024-01-01,2.1,2.3,1.8,-0.2,0.3
growth_yoy,p3.1,2024-01-01,-0.1,2.4,3.5,-2.4,-3.5
growth_yoy,p3.2,2024-01-01,6.7,18.2,0.0,-9.8,6.7
growth_yoy,p3.3,2024-01-01,1.6,-1.4,1.9,3.1,-0.3
growth_yoy,p3.4,2024-01-01,4.2,2.1,3.2,2.0,1.0
growth_yoy,p3.5,2024-01-01,1.3,4.5,1.8,-3.1,-0.5
growth_yoy,p3.6,2024-01-01,7.4,1.3,1.8,6.0,5.4
growth_yoy,p3.7,2024-01-01,0.9,4.0,0.0,-3.0,0.9
growth_yoy,p3.8,2024-01-01,2.2,-0.8,-0.5,3.0,2.7
growth_yoy,p4,2024-01-01,11.9,-0.5,1.1,12.5,10.7
growth_yoy,p5,2024-01-01,4.8,2.9,2.8,1.8,1.9
growth_yoy,p5.1,2024-01-01,7.2,1.5,2.8,5.6,4.3
growth_yoy,p5.2,2024-01-01,3.9,2.3,2.6,1.7,1.3
growth_yoy,p5.3,2024-01-01,5.4,4.3,6.0,1.0,-0.6
growth_yoy,p5.4,2024-01-01,11.3,0.6,2.7,10.7,8.4
growth_yoy,p5.5,2024-01-01,2.9,4.5,2.2,-1.5,0.7
growth_yoy,p5.6,2024-01-01,0.9,10.2,1.6,-8.5,-0.7
growth_yoy,p5.7,2024-01-01,8.9,1.5,1.4,7.2,7.4
growth_yoy,p5.8,2024-01-01,4.9,2.7,1.6,2.1,3.2
growth_yoy,p0,2024-04-01,5.9,3.4,2.8,2.5,3.1
growth_yoy,p1,2024-04-01,7.6,1.3,1.1,6.2,6.5
growth_yoy,p2,2024-04-01,2.7,-2.1,0.0,5.0,2.7
growth_yoy,p3,2024-04-01,4.7,1.7,1.6,3.0,3.1
growth_yoy,p3.1,2024-04-01,5.0,5.5,2.3,-0.5,2.6
growth_yoy,p3.2,2024-04-01,7.9,9.1,0.0,-1.1,7.9
growth_yoy,p3.3,2024-04-01,3.7,-1.4,1.5,5.1,2.1
growth_yoy,p3.4,2024-04-01,5.2,-0.5,1.3,5.7,3.9
growth_yoy,p3.5,2024-04-01,4.1,5.2,2.5,-1.0,1.5
growth_yoy,p3.6,2024-04-01,9.4,1.3,2.9,8.0,6.3
growth_yoy,p3.7,2024-04-01,3.0,-1.0,0.0,4.1,3.0
growth_yoy,p3.8,2024-04-01,5.6,2.4,1.9,3.1,3.6
growth_yoy,p4,2024-04-01,17.2,-1.6,0.8,19.0,16.2
growth_yoy,p5,2024-04-01,5.9,4.9,3.7,0.9,2.1
growth_yoy,p5.1,2024-04-01,3.2,4.6,5.5,-1.4,-2.2
growth_yoy,p5.2,2024-04-01,4.6,2.9,3.6,1.7,1.0
growth_yoy,p5.3,2024-04-01,6.0,8.0,6.9,-1.9,-0.9
growth_yoy,p5.4,2024-04-01,10.3,3.0,4.5,7.1,5.6
growth_yoy,p5.5,2024-04-01,3.1,4.4,2.6,-1.3,0.5
growth_yoy,p5.6,2024-04-01,10.3,1.4,2.4,8.8,7.7
growth_yoy,p5.7,2024-04-01,9.4,5.7,2.9,3.5,6.3
growth_yoy,p5.8,2024-04-01,4.9,5.7,1.9,-0.8,2.9
growth_yoy,p0,2024-07-01,5.4,2.7,2.9,2.7,2.5
growth_yoy,p1,2024-07-01,3.6,-0.2,1.0,3.8,2.7
growth_yoy,p2,2024-07-01,-2.8,2.2,0.0,-4.9,-2.8
growth_yoy,p3,2024-07-01,5.6,2.1,1.4,3.4,4.1
growth_yoy,p3.1,2024-07-01,7.6,3.3,1.9,4.1,5.6
growth_yoy,p3.2,2024-07-01,9.9,20.0,0.0,-8.4,9.9
growth_yoy,p3.3,2024-07-01,4.6,4.4,1.5,0.2,3.0
growth_yoy,p3.4,2024-07-01,6.5,-2.5,0.6,9.3,5.9
growth_yoy,p3.5,2024-07-01,4.4,5.5,2.5,-1.1,1.9
growth_yoy,p3.6,2024-07-01,9.2,1.3,2.3,7.8,6.7
growth_yoy,p3.7,2024-07-01,5.6,0.0,-0.2,5.6,5.8
growth_yoy,p3.8,2024-07-01,1.0,3.2,1.4,-2.1,-0.4
growth_yoy,p4,2024-07-01,20.0,-0.1,0.9,20.1,18.9
growth_yoy,p5,2024-07-01,5.2,3.8,3.9,1.4,1.3
growth_yoy,p5.1,2024-07-01,3.1,4.5,6.4,-1.3,-3.0
growth_yoy,p5.2,2024-07-01,4.1,4.5,3.8,-0.3,0.3
growth_yoy,p5.3,2024-07-01,6.2,5.1,7.2,1.0,-1.0
growth_yoy,p5.4,2024-07-01,10.6,2.7,4.8,7.6,5.5
growth_yoy,p5.5,2024-07-01,3.5,4.4,2.9,-0.8,0.5
growth_yoy,p5.6,2024-07-01,3.7,5.0,2.1,-1.3,1.5
growth_yoy,p5.7,2024-07-01,10.2,2.5,3.6,7.5,6.4
growth_yoy,p5.8,2024-07-01,5.3,2.7,2.1,2.6,3.2
growth_yoy,p0,2024-10-01,4.9,3.5,2.7,1.4,2.1
growth_yoy,p1,2024-10-01,-0.7,1.3,1.2,-2.0,-1.9
growth_yoy,p2,2024-10-01,-0.7,0.0,1.3,-0.7,-2.0
growth_yoy,p3,2024-10-01,4.2,2.0,1.3,2.2,2.9
growth_yoy,p3.1,2024-10-01,6.3,4.4,2.3,1.8,3.9
growth_yoy,p3.2,2024-10-01,8.0,0.0,0.0,8.0,8.0
growth_yoy,p3.3,2024-10-01,0.5,2.3,0.0,-1.7,0.5
growth_yoy,p3.4,2024-10-01,4.5,-0.5,1.5,5.0,2.9
growth_yoy,p3.5,2024-10-01,3.1,2.6,2.2,0.5,0.8
growth_yoy,p3.6,2024-10-01,4.2,2.9,2.0,1.3,2.2
growth_yoy,p3.7,2024-10-01,7.2,0.8,0.6,6.4,6.5
growth_yoy,p3.8,2024-10-01,-3.4,-0.8,0.0,-2.6,-3.4
growth_yoy,p4,2024-10-01,20.7,1.7,0.9,18.7,19.7
growth_yoy,p5,2024-10-01,5.5,4.6,3.7,0.9,1.8
growth_yoy,p5.1,2024-10-01,1.1,1.5,5.4,-0.3,-4.0
growth_yoy,p5.2,2024-10-01,4.4,5.0,3.8,-0.6,0.6
growth_yoy,p5.3,2024-10-01,7.1,7.8,5.8,-0.6,1.2
growth_yoy,p5.4,2024-10-01,10.7,3.0,4.6,7.5,5.8
growth_yoy,p5.5,2024-10-01,4.1,3.7,2.9,0.4,1.2
growth_yoy,p5.6,2024-10-01,5.4,1.8,1.6,3.6,3.8
growth_yoy,p5.7,2024-10-01,9.5,3.4,3.3,5.9,5.9
growth_yoy,p5.8,2024-10-01,5.3,3.5,2.3,1.8,3.0
growth_yoy,p0,2025-01-01,4.4,2.1,1.8,2.2,2.5
growth_yoy,p1,2025-01-01,0.7,0.3,0.1,0.4,0.6
growth_yoy,p2,2025-01-01,-2.7,-2.1,1.3,-0.6,-4.0
growth_yoy,p3,2025-01-01,4.1,0.4,0.9,3.7,3.2
growth_yoy,p3.1,2025-01-01,9.2,-1.7,1.3,11.1,7.8
growth_yoy,p3.2,2025-01-01,3.1,-7.7,5.3,11.7,-2.0
growth_yoy,p3.3,2025-01-01,1.0,-2.9,0.0,4.0,1.0
growth_yoy,p3.4,2025-01-01,3.1,0.0,1.2,3.1,1.9
growth_yoy,p3.5,2025-01-01,2.6,0.7,0.2,1.8,2.3
growth_yoy,p3.6,2025-01-01,3.6,6.0,2.3,-2.3,1.2
growth_yoy,p3.7,2025-01-01,7.8,0.5,0.8,7.2,6.9
growth_yoy,p3.8,2025-01-01,-8.1,-3.1,0.0,-5.1,-8.1
growth_yoy,p4,2025-01-01,14.2,2.5,0.9,11.4,13.1
growth_yoy,p5,2025-01-01,5.0,2.9,2.6,2.1,2.4
growth_yoy,p5.1,2025-01-01,-1.2,4.5,4.5,-5.5,-5.4
growth_yoy,p5.2,2025-01-01,4.3,2.1,2.6,2.2,1.7
growth_yoy,p5.3,2025-01-01,7.8,7.8,4.9,-0.0,2.7
growth_yoy,p5.4,2025-01-01,9.5,3.6,3.6,5.7,5.7
growth_yoy,p5.5,2025-01-01,3.6,1.8,2.9,1.7,0.6
growth_yoy,p5.6,2025-01-01,2.7,0.9,-0.3,1.8,3.0
growth_yoy,p5.7,2025-01-01,9.1,0.8,1.7,8.2,7.3
growth_yoy,p5.8,2025-01-01,5.5,1.5,1.4,3.9,4.0
growth_yoy,p0,2025-04-01,4.4,0.9,1.6,3.4,2.8
growth_yoy,p1,2025-04-01,2.5,-1.4,-0.1,4.0,2.7
growth_yoy,p2,2025-04-01,-5.2,0.0,1.3,-5.2,-6.5
growth_yoy,p3,2025-04-01,3.7,0.1,1.0,3.7,2.8
growth_yoy,p3.1,2025-04-01,11.8,-2.0,2.1,14.0,9.5
growth_yoy,p3.2,2025-04-01,4.1,0.0,5.3,4.1,-1.1
growth_yoy,p3.3,2025-04-01,-0.2,1.4,0.0,-1.6,-0.2
growth_yoy,p3.4,2025-04-01,3.3,2.1,1.6,1.2,1.7
growth_yoy,p3.5,2025-04-01,-0.8,-6.0,-0.9,5.4,0.0
growth_yoy,p3.6,2025-04-01,3.8,3.5,1.5,0.4,2.3
growth_yoy,p3.7,2025-04-01,7.3,2.3,1.1,4.9,6.2
growth_yoy,p3.8,2025-04-01,-2.2,0.0,0.5,-2.2,-2.7
growth_yoy,p4,2025-04-01,12.1,2.6,0.9,9.3,11.1
growth_yoy,p5,2025-04-01,5.1,1.4,2.1,3.6,2.9
growth_yoy,p5.1,2025-04-01,1.1,1.5,2.6,-0.3,-1.4
growth_yoy,p5.2,2025-04-01,4.4,0.8,2.0,3.5,2.3
growth_yoy,p5.3,2025-04-01,9.0,6.6,3.5,2.2,5.3
growth_yoy,p5.4,2025-04-01,8.6,1.3,1.9,7.2,6.6
growth_yoy,p5.5,2025-04-01,3.5,0.0,2.9,3.5,0.6
growth_yoy,p5.6,2025-04-01,1.4,0.9,0.3,0.5,1.2
growth_yoy,p5.7,2025-04-01,8.6,-0.4,1.6,9.0,6.8
growth_yoy,p5.8,2025-04-01,6.1,-0.6,1.7,6.7,4.3
growth_yoy,p0,2025-07-01,5.4,1.3,1.5,4.1,3.9
growth_yoy,p1,2025-07-01,0.1,-0.9,-0.1,1.0,0.1
growth_yoy,p2,2025-07-01,9.7,0.0,1.3,9.7,8.3
growth_yoy,p3,2025-07-01,4.1,-0.1,0.6,4.2,3.5
growth_yoy,p3.1,2025-07-01,6.8,-2.6,1.1,9.6,5.6
growth_yoy,p3.2,2025-07-01,9.2,0.0,5.3,9.2,3.8
growth_yoy,p3.3,2025-07-01,-0.1,0.7,0.0,-0.8,-0.1
growth_yoy,p3.4,2025-07-01,3.6,1.5,0.6,2.1,3.0
growth_yoy,p3.5,2025-07-01,-0.5,-4.5,-1.3,4.2,0.9
growth_yoy,p3.6,2025-07-01,3.6,2.1,0.5,1.4,3.1
growth_yoy,p3.7,2025-07-01,8.4,1.5,1.4,6.7,6.9
growth_yoy,p3.8,2025-07-01,1.2,0.8,1.4,0.4,-0.2
growth_yoy,p4,2025-07-01,11.8,1.4,1.0,10.2,10.7
growth_yoy,p5,2025-07-01,5.5,2.0,2.1,3.4,3.3
growth_yoy,p5.1,2025-07-01,2.3,2.9,1.7,-0.6,0.6
growth_yoy,p5.2,2025-07-01,4.8,1.3,2.2,3.5,2.6
growth_yoy,p5.3,2025-07-01,9.5,3.9,3.6,5.4,5.7
growth_yoy,p5.4,2025-07-01,7.8,4.0,2.5,3.7,5.2
growth_yoy,p5.5,2025-07-01,8.6,1.8,2.5,6.6,5.9
growth_yoy,p5.6,2025-07-01,-2.0,0.4,1.0,-2.4,-3.0
growth_yoy,p5.7,2025-07-01,7.7,2.0,1.7,5.6,5.9
growth_yoy,p5.8,2025-07-01,6.9,1.1,1.3,5.7,5.6
growth_yoy,p0,2025-10-01,6.3,1.4,1.8,4.9,4.4
growth_yoy,p1,2025-10-01,5.4,-0.2,0.0,5.6,5.4
growth_yoy,p2,2025-10-01,2.0,-2.1,0.0,4.2,2.0
growth_yoy,p3,2025-10-01,6.1,-0.4,0.9,6.5,5.1
growth_yoy,p3.1,2025-10-01,10.0,-4.8,0.2,15.6,9.8
growth_yoy,p3.2,2025-10-01,8.3,0.0,5.3,8.3,2.9
growth_yoy,p3.3,2025-10-01,1.6,-0.7,1.1,2.4,0.5
growth_yoy,p3.4,2025-10-01,3.4,1.5,1.2,1.9,2.2
growth_yoy,p3.5,2025-10-01,-0.3,-1.8,-0.9,1.5,0.5
growth_yoy,p3.6,2025-10-01,4.9,0.8,0.5,4.1,4.4
growth_yoy,p3.7,2025-10-01,12.7,1.3,1.9,11.3,10.6
growth_yoy,p3.8,2025-10-01,1.7,4.8,3.4,-2.9,-1.6
growth_yoy,p4,2025-10-01,11.0,0.6,0.8,10.3,10.0
growth_yoy,p5,2025-10-01,6.3,2.2,2.5,4.0,3.7
growth_yoy,p5.1,2025-10-01,3.0,4.4,1.7,-1.3,1.3
growth_yoy,p5.2,2025-10-01,5.7,3.3,2.5,2.4,3.2
growth_yoy,p5.3,2025-10-01,10.1,2.0,4.7,7.9,5.1
growth_yoy,p5.4,2025-10-01,8.6,2.9,2.8,5.6,5.7
growth_yoy,p5.5,2025-10-01,8.9,2.4,1.4,6.4,7.4
growth_yoy,p5.6,2025-10-01,0.6,1.3,1.3,-0.7,-0.7
growth_yoy,p5.7,2025-10-01,7.5,4.6,2.5,2.8,4.9
growth_yoy,p5.8,2025-10-01,7.2,0.1,1.3,7.2,5.9
