state,district,date,lf,lf_employed,lf_unemployed,lf_outside,p_rate,u_rate,ep_ratio
Johor,Batu Pahat,2019-01-01,213.6,209.8,3.7,90.4,70.3,1.7,69.03586706153341
Johor,Batu Pahat,2020-01-01,219.1,214.4,4.7,92.2,70.4,2.1,68.85035324341683
Johor,Batu Pahat,2021-01-01,216.0,211.0,5.0,97.1,69.0,2.3,67.3906100287448
Johor,Batu Pahat,2022-01-01,220.8,216.8,4.0,94.6,70.0,1.8,68.73811033608118
Johor,Johor Bahru,2019-01-01,792.4,767.8,24.6,293.7,73.0,3.1,70.69330632538441
Johor,Johor Bahru,2020-01-01,803.8,771.3,32.5,297.1,73.0,4.0,70.06085929693886
Johor,Johor Bahru,2021-01-01,805.7,771.6,34.1,298.3,73.0,4.2,69.87864517297591
Johor,Johor Bahru,2022-01-01,829.5,799.0,30.5,292.6,73.9,3.7,71.20577488637377
Johor,Kluang,2019-01-01,166.1,160.5,5.6,66.9,71.3,3.4,68.88412017167383
Johor,Kluang,2020-01-01,167.9,160.9,7.1,67.4,71.4,4.2,68.38079048023799
Johor,Kluang,2021-01-01,168.0,160.3,7.7,67.5,71.3,4.6,68.0390492359932
Johor,Kluang,2022-01-01,169.6,162.8,6.8,65.6,72.1,4.0,69.18827029324267
Johor,Kota Tinggi,2019-01-01,100.7,98.0,2.8,43.8,69.7,2.7,67.82006920415225
Johor,Kota Tinggi,2020-01-01,103.4,99.9,3.5,44.7,69.8,3.4,67.45442268737341
Johor,Kota Tinggi,2021-01-01,104.1,99.9,4.2,44.7,70.0,4.0,67.13709677419355
Johor,Kota Tinggi,2022-01-01,107.8,104.0,3.8,43.9,71.1,3.5,68.55636123928808
Johor,Kulai,2019-01-01,131.7,128.1,3.6,66.7,66.4,2.7,64.53400503778337
Johor,Kulai,2020-01-01,133.6,129.1,4.5,66.8,66.7,3.4,64.42115768463074
Johor,Kulai,2021-01-01,130.9,126.0,4.9,69.8,65.2,3.7,62.78026905829597
Johor,Kulai,2022-01-01,135.0,130.6,4.4,69.4,66.0,3.3,63.89432485322896
Johor,Mersing,2019-01-01,33.2,32.4,0.8,21.8,60.4,2.4,59.01639344262295
Johor,Mersing,2020-01-01,33.9,32.8,1.1,21.9,60.8,3.3,58.78136200716846
Johor,Mersing,2021-01-01,33.2,32.0,1.2,22.9,59.2,3.6,57.04099821746881
Johor,Mersing,2022-01-01,34.4,33.3,1.0,22.9,60.0,3.0,58.216783216783206
Johor,Muar,2019-01-01,126.4,124.3,2.1,60.7,67.5,1.7,66.43506146445752
Johor,Muar,2020-01-01,129.9,126.9,2.9,62.0,67.7,2.3,66.16266944734099
Johor,Muar,2021-01-01,130.0,126.7,3.4,62.6,67.5,2.6,65.7498702646601
Johor,Muar,2022-01-01,131.7,128.6,3.1,60.5,68.5,2.3,66.90946930280958
Johor,Pontian,2019-01-01,77.2,74.8,2.4,39.5,66.2,3.1,64.09597257926306
Johor,Pontian,2020-01-01,79.3,76.1,3.1,40.2,66.4,4.0,63.735343383584585
Johor,Pontian,2021-01-01,77.9,74.3,3.6,42.0,65.0,4.7,61.96830692243536
Johor,Pontian,2022-01-01,78.9,76.1,2.9,41.0,65.8,3.6,63.469557964970804
Johor,Segamat,2019-01-01,100.1,97.6,2.6,42.1,70.4,2.6,68.63572433192687
Johor,Segamat,2020-01-01,103.3,99.7,3.7,43.2,70.5,3.6,68.05460750853243
Johor,Segamat,2021-01-01,102.5,98.4,4.1,44.8,69.6,4.0,66.80244399185335
Johor,Segamat,2022-01-01,105.1,101.3,3.8,44.4,70.3,3.6,67.75919732441471
Johor,Tangkak,2019-01-01,64.3,62.9,1.4,36.0,64.1,2.1,62.71186440677966
Johor,Tangkak,2020-01-01,66.3,64.5,1.8,36.7,64.4,2.7,62.62135922330098
Johor,Tangkak,2021-01-01,66.6,64.5,2.1,37.0,64.3,3.1,62.31884057971014
Johor,Tangkak,2022-01-01,68.7,67.0,1.7,37.0,65.0,2.5,63.386944181646165
Kedah,Baling,2019-01-01,70.5,68.9,1.6,33.3,67.9,2.3,66.44165863066539
Kedah,Baling,2020-01-01,70.4,67.7,2.7,34.8,66.9,3.8,64.35361216730038
Kedah,Baling,2021-01-01,72.6,70.3,2.3,35.6,67.1,3.1,64.97227356746765
Kedah,Baling,2022-01-01,74.1,72.5,1.6,35.3,67.8,2.2,66.27056672760511
Kedah,Bandar Baharu,2019-01-01,22.6,22.0,0.6,10.4,68.4,2.6,66.66666666666666
Kedah,Bandar Baharu,2020-01-01,23.7,22.6,1.1,10.3,69.7,4.6,66.47058823529413
Kedah,Bandar Baharu,2021-01-01,24.1,23.1,1.0,10.8,69.1,4.2,66.18911174785102
Kedah,Bandar Baharu,2022-01-01,24.7,23.9,0.8,10.6,70.0,3.1,67.70538243626062
Kedah,Kota Setar,2019-01-01,171.4,165.3,6.1,106.9,61.6,3.5,59.39633489040603
Kedah,Kota Setar,2020-01-01,173.5,164.7,8.8,108.0,61.6,5.1,58.50799289520426
Kedah,Kota Setar,2021-01-01,176.3,168.0,8.3,112.3,61.1,4.7,58.19189470038102
Kedah,Kota Setar,2022-01-01,179.8,173.1,6.7,111.6,61.7,3.8,59.402882635552515
Kedah,Kuala Muda,2019-01-01,214.7,209.1,5.6,140.6,60.4,2.6,58.85167464114832
Kedah,Kuala Muda,2020-01-01,213.7,205.8,7.9,142.4,60.0,3.7,57.7927548441449
Kedah,Kuala Muda,2021-01-01,217.0,209.5,7.4,142.0,60.4,3.4,58.372805795486215
Kedah,Kuala Muda,2022-01-01,222.5,216.8,5.7,142.0,61.0,2.6,59.46242457487657
Kedah,Kubang Pasu,2019-01-01,102.3,99.9,2.4,65.8,60.8,2.3,59.39357907253271
Kedah,Kubang Pasu,2020-01-01,105.3,101.3,4.1,65.1,61.8,3.9,59.448356807511736
Kedah,Kubang Pasu,2021-01-01,107.6,103.7,3.9,67.1,61.6,3.7,59.35890097309674
Kedah,Kubang Pasu,2022-01-01,110.6,107.5,3.1,66.2,62.5,2.8,60.803167420814475
Kedah,Kulim,2019-01-01,153.9,150.8,3.1,73.3,67.7,2.0,66.37323943661973
Kedah,Kulim,2020-01-01,148.7,143.4,5.2,78.9,65.3,3.5,63.032967032967036
Kedah,Kulim,2021-01-01,151.0,146.3,4.7,77.3,66.2,3.1,64.11042944785277
Kedah,Kulim,2022-01-01,154.3,150.9,3.4,76.8,66.8,2.2,65.29640848117698
Kedah,Langkawi,2019-01-01,51.3,49.4,1.9,24.0,68.1,3.7,65.60424966799468
Kedah,Langkawi,2020-01-01,50.6,47.1,3.5,23.5,68.3,6.9,63.64864864864865
Kedah,Langkawi,2021-01-01,50.6,46.9,3.7,22.9,68.8,7.3,63.72282608695653
Kedah,Langkawi,2022-01-01,51.9,48.8,3.0,22.8,69.5,5.8,65.41554959785523
Kedah,Padang Terap,2019-01-01,31.7,30.7,1.0,16.8,65.3,3.0,63.298969072164944
Kedah,Padang Terap,2020-01-01,32.7,31.4,1.3,17.0,65.7,4.0,63.05220883534136
Kedah,Padang Terap,2021-01-01,34.0,32.8,1.2,17.1,66.5,3.6,64.18786692759295
Kedah,Padang Terap,2022-01-01,34.6,33.5,1.1,16.8,67.2,3.1,65.1750972762646
Kedah,Pendang,2019-01-01,45.6,44.3,1.3,26.1,63.6,2.8,61.78521617852161
Kedah,Pendang,2020-01-01,47.4,45.2,2.2,26.2,64.4,4.7,61.49659863945579
Kedah,Pendang,2021-01-01,48.5,45.9,2.6,27.6,63.7,5.5,60.31537450722734
Kedah,Pendang,2022-01-01,49.6,47.4,2.2,27.4,64.4,4.3,61.55844155844156
Kedah,Pokok Sena,2019-01-01,24.0,23.3,0.7,13.6,63.8,3.1,61.96808510638297
Kedah,Pokok Sena,2020-01-01,25.4,24.2,1.2,12.9,66.3,4.7,63.35078534031413
Kedah,Pokok Sena,2021-01-01,25.8,24.7,1.1,13.3,66.1,4.1,63.171355498721226
Kedah,Pokok Sena,2022-01-01,26.2,25.4,0.8,13.1,66.7,3.1,64.63104325699746
Kedah,Sik,2019-01-01,31.8,30.8,1.0,20.2,61.1,3.2,59.23076923076923
Kedah,Sik,2020-01-01,32.4,31.4,1.0,20.7,61.0,3.1,59.24528301886792
Kedah,Sik,2021-01-01,33.2,32.1,1.1,21.4,60.8,3.3,58.791208791208796
Kedah,Sik,2022-01-01,33.9,33.1,0.8,21.3,61.4,2.4,59.96376811594203
Kedah,Yan,2019-01-01,30.3,29.2,1.1,20.2,60.0,3.8,57.821782178217816
Kedah,Yan,2020-01-01,30.9,30.1,0.8,20.2,60.4,2.7,58.7890625
Kedah,Yan,2021-01-01,31.8,30.8,1.0,21.2,60.1,3.1,58.11320754716981
Kedah,Yan,2022-01-01,32.6,31.9,0.7,21.1,60.7,2.3,59.40409683426443
Kelantan,Bachok,2019-01-01,57.1,55.3,1.8,45.0,55.9,3.1,54.16258570029383
Kelantan,Bachok,2020-01-01,57.2,55.1,2.2,46.7,55.1,3.8,53.031761308950905
Kelantan,Bachok,2021-01-01,58.9,56.7,2.2,48.0,55.1,3.8,53.040224508886816
Kelantan,Bachok,2022-01-01,60.5,58.5,2.0,47.6,56.0,3.4,54.11655874190564
Kelantan,Gua Musang,2019-01-01,43.7,42.1,1.5,31.2,58.4,3.5,56.2082777036048
Kelantan,Gua Musang,2020-01-01,41.6,39.8,1.8,33.6,55.3,4.4,52.92553191489361
Kelantan,Gua Musang,2021-01-01,42.2,40.3,1.9,34.5,55.0,4.4,52.473958333333336
Kelantan,Gua Musang,2022-01-01,43.5,41.8,1.7,35.3,55.2,3.9,53.045685279187815
Kelantan,Jeli,2019-01-01,19.0,18.5,0.5,14.0,57.6,2.7,56.060606060606055
Kelantan,Jeli,2020-01-01,19.3,18.7,0.6,14.5,57.1,3.0,55.325443786982255
Kelantan,Jeli,2021-01-01,19.4,18.8,0.6,15.5,55.7,3.1,53.86819484240688
Kelantan,Jeli,2022-01-01,20.2,19.7,0.5,15.6,56.4,2.7,55.02793296089386
Kelantan,Kota Bharu,2019-01-01,233.2,222.0,11.2,151.2,60.7,4.8,57.75234131113424
Kelantan,Kota Bharu,2020-01-01,236.2,223.4,12.8,155.9,60.2,5.4,56.98979591836735
Kelantan,Kota Bharu,2021-01-01,238.7,226.3,12.4,158.7,60.1,5.2,56.959476466146484
Kelantan,Kota Bharu,2022-01-01,245.8,234.5,11.3,157.0,61.0,4.6,58.21747765640516
Kelantan,Kuala Krai,2019-01-01,54.2,52.9,1.3,33.7,61.7,2.4,60.18202502844141
Kelantan,Kuala Krai,2020-01-01,55.0,53.6,1.4,34.0,61.8,2.5,60.22471910112359
Kelantan,Kuala Krai,2021-01-01,54.2,52.9,1.3,36.3,59.9,2.4,58.45303867403315
Kelantan,Kuala Krai,2022-01-01,55.8,54.6,1.2,36.8,60.3,2.1,58.963282937365015
Kelantan,Machang,2019-01-01,41.7,39.7,2.0,28.8,59.1,4.9,56.312056737588655
Kelantan,Machang,2020-01-01,42.1,39.8,2.3,31.0,57.6,5.5,54.44596443228454
Kelantan,Machang,2021-01-01,41.8,39.4,2.4,31.1,57.3,5.7,54.046639231824415
Kelantan,Machang,2022-01-01,43.0,40.9,2.2,31.4,57.8,5.1,54.97311827956989
Kelantan,Pasir Mas,2019-01-01,82.7,78.7,4.0,63.5,56.6,4.8,53.83036935704515
Kelantan,Pasir Mas,2020-01-01,81.4,77.6,3.8,67.2,54.8,4.6,52.255892255892256
Kelantan,Pasir Mas,2021-01-01,83.0,79.2,3.8,70.3,54.2,4.6,51.66340508806262
Kelantan,Pasir Mas,2022-01-01,85.5,82.0,3.5,70.3,54.9,4.0,52.63157894736842
Kelantan,Pasir Puteh,2019-01-01,52.7,51.0,1.7,38.3,57.9,3.3,55.98243688254666
Kelantan,Pasir Puteh,2020-01-01,53.9,52.3,1.6,38.8,58.2,3.1,56.418554476806904
Kelantan,Pasir Puteh,2021-01-01,55.9,54.1,1.8,41.3,57.5,3.2,55.7157569515963
Kelantan,Pasir Puteh,2022-01-01,57.5,55.9,1.6,41.9,57.9,2.8,56.18090452261306
Kelantan,Tanah Merah,2019-01-01,56.5,55.0,1.5,40.2,58.4,2.7,56.935817805383024
Kelantan,Tanah Merah,2020-01-01,57.6,55.9,1.7,40.6,58.7,3.0,56.98267074413863
Kelantan,Tanah Merah,2021-01-01,57.1,55.5,1.6,43.4,56.8,2.9,55.223880597014926
Kelantan,Tanah Merah,2022-01-01,58.8,57.3,1.5,43.5,57.5,2.5,55.957031249999986
Kelantan,Tumpat,2019-01-01,69.6,67.2,2.4,49.6,58.4,3.5,56.42317380352645
Kelantan,Tumpat,2020-01-01,66.9,64.7,2.2,53.9,55.4,3.3,53.55960264900662
Kelantan,Tumpat,2021-01-01,68.5,66.4,2.1,57.0,54.6,3.1,52.90836653386455
Kelantan,Tumpat,2022-01-01,70.6,68.6,2.0,57.7,55.0,2.8,53.46843335931409
Melaka,Alor Gajah,2019-01-01,95.3,93.8,1.5,46.3,67.3,1.6,66.19618913196895
Melaka,Alor Gajah,2020-01-01,100.9,98.1,2.8,43.6,69.8,2.8,67.88927335640138
Melaka,Alor Gajah,2021-01-01,104.8,100.9,3.9,40.8,72.0,3.7,69.3470790378007
Melaka,Alor Gajah,2022-01-01,107.0,104.1,2.9,39.1,73.3,2.7,71.25256673511294
Melaka,Jasin,2019-01-01,66.3,65.7,0.5,37.7,63.8,0.8,63.17307692307692
Melaka,Jasin,2020-01-01,65.9,64.9,1.1,40.4,62.0,1.6,61.05362182502353
Melaka,Jasin,2021-01-01,68.5,67.6,0.9,39.0,63.7,1.3,62.883720930232556
Melaka,Jasin,2022-01-01,68.5,67.7,0.8,37.8,64.4,1.2,63.687676387582314
Melaka,Melaka Tengah,2019-01-01,271.3,268.8,2.6,123.6,68.7,0.9,68.05063291139241
Melaka,Melaka Tengah,2020-01-01,260.0,254.4,5.6,134.4,65.9,2.1,64.5194014709612
Melaka,Melaka Tengah,2021-01-01,270.8,266.6,4.2,127.1,68.1,1.6,66.98492462311559
Melaka,Melaka Tengah,2022-01-01,279.2,275.9,3.3,124.4,69.2,1.2,68.34282883329205
Negeri Sembilan,Jelebu,2019-01-01,18.8,18.2,0.6,12.0,61.0,3.0,59.09090909090908
Negeri Sembilan,Jelebu,2020-01-01,19.7,18.8,0.8,11.1,63.9,4.3,61.038961038961034
Negeri Sembilan,Jelebu,2021-01-01,19.8,19.1,0.8,11.1,64.2,3.9,61.81229773462784
Negeri Sembilan,Jelebu,2022-01-01,20.1,19.3,0.7,11.0,64.7,3.7,62.25806451612903
Negeri Sembilan,Jempol,2019-01-01,47.7,46.3,1.4,27.2,63.7,3.0,61.81575433911881
Negeri Sembilan,Jempol,2020-01-01,46.1,44.3,1.8,29.0,61.4,3.8,58.988015978695074
Negeri Sembilan,Jempol,2021-01-01,46.1,44.1,2.0,29.3,61.1,4.4,58.48806366047745
Negeri Sembilan,Jempol,2022-01-01,46.0,44.0,2.0,28.9,61.4,4.2,58.74499332443257
Negeri Sembilan,Kuala Pilah,2019-01-01,31.5,30.4,1.1,14.1,69.1,3.5,66.8131868131868
Negeri Sembilan,Kuala Pilah,2020-01-01,30.3,28.9,1.4,15.4,66.4,4.5,63.23851203501093
Negeri Sembilan,Kuala Pilah,2021-01-01,29.9,28.5,1.5,16.1,65.1,4.9,61.95652173913043
Negeri Sembilan,Kuala Pilah,2022-01-01,29.7,28.4,1.3,15.7,65.4,4.5,62.55506607929515
Negeri Sembilan,Port Dickson,2019-01-01,57.1,55.3,1.8,31.6,64.4,3.2,62.34498308906426
Negeri Sembilan,Port Dickson,2020-01-01,59.0,56.3,2.7,29.6,66.6,4.6,63.544018058690746
Negeri Sembilan,Port Dickson,2021-01-01,59.5,56.5,3.0,29.4,66.9,5.0,63.55455568053993
Negeri Sembilan,Port Dickson,2022-01-01,61.0,58.6,2.4,28.5,68.2,3.9,65.54809843400447
Negeri Sembilan,Rembau,2019-01-01,20.2,19.5,0.7,10.0,66.9,3.4,64.56953642384106
Negeri Sembilan,Rembau,2020-01-01,20.4,19.6,0.8,9.9,67.5,4.0,64.6864686468647
Negeri Sembilan,Rembau,2021-01-01,20.2,19.4,0.8,10.3,66.2,3.7,63.60655737704918
Negeri Sembilan,Rembau,2022-01-01,20.3,19.6,0.7,10.2,66.5,3.6,64.05228758169935
Negeri Sembilan,Seremban,2019-01-01,281.5,273.4,8.1,154.6,64.6,2.9,62.692043109378574
Negeri Sembilan,Seremban,2020-01-01,275.6,266.0,9.7,159.2,63.4,3.5,61.17755289788408
Negeri Sembilan,Seremban,2021-01-01,271.6,261.0,10.6,163.5,62.4,3.9,59.986210066651346
Negeri Sembilan,Seremban,2022-01-01,273.7,264.3,9.4,158.3,63.4,3.4,61.18055555555556
Negeri Sembilan,Tampin,2019-01-01,41.1,39.5,1.6,22.7,64.4,3.9,61.91222570532916
Negeri Sembilan,Tampin,2020-01-01,41.6,40.0,1.6,22.3,65.1,3.8,62.59780907668232
Negeri Sembilan,Tampin,2021-01-01,40.7,39.0,1.7,23.6,63.3,4.2,60.65318818040436
Negeri Sembilan,Tampin,2022-01-01,41.0,39.4,1.5,23.4,63.6,3.8,61.18012422360247
Pahang,Bentong,2019-01-01,60.3,58.4,1.9,31.6,65.6,3.2,63.61655773420479
Pahang,Bentong,2020-01-01,60.6,58.7,2.0,31.3,65.9,3.2,63.80434782608696
Pahang,Bentong,2021-01-01,60.8,59.0,1.8,31.7,65.7,2.9,63.85281385281385
Pahang,Bentong,2022-01-01,61.4,60.1,1.3,31.2,66.3,2.1,64.90280777537798
Pahang,Bera,2019-01-01,43.3,42.1,1.2,26.9,61.7,2.8,59.971509971509974
Pahang,Bera,2020-01-01,40.9,39.4,1.5,29.3,58.3,3.6,56.20542082738944
Pahang,Bera,2021-01-01,39.7,38.0,1.7,31.6,55.7,4.3,53.221288515406165
Pahang,Bera,2022-01-01,39.9,38.5,1.4,31.6,55.8,3.6,53.84615384615385
Pahang,Cameron Highlands,2019-01-01,21.4,20.9,0.5,8.5,71.4,2.3,69.89966555183946
Pahang,Cameron Highlands,2020-01-01,22.2,21.5,0.7,7.7,74.1,3.1,71.90635451505017
Pahang,Cameron Highlands,2021-01-01,22.1,21.5,0.6,7.7,74.3,2.9,72.14765100671141
Pahang,Cameron Highlands,2022-01-01,22.5,22.0,0.5,7.4,75.2,2.0,73.57859531772576
Pahang,Jerantut,2019-01-01,44.8,43.5,1.3,24.0,65.1,3.0,63.22674418604651
Pahang,Jerantut,2020-01-01,45.7,43.9,1.8,23.8,65.8,3.9,63.25648414985589
Pahang,Jerantut,2021-01-01,44.8,42.8,2.0,25.1,64.1,4.5,61.23032904148783
Pahang,Jerantut,2022-01-01,45.1,43.4,1.7,25.0,64.3,3.8,61.911554921540656
Pahang,Kuantan,2019-01-01,241.6,234.5,7.1,102.7,70.2,2.9,68.10920708684287
Pahang,Kuantan,2020-01-01,242.2,235.1,7.0,105.5,69.7,2.9,67.61576071325855
Pahang,Kuantan,2021-01-01,237.9,230.6,7.2,112.6,67.9,3.0,65.81050228310502
Pahang,Kuantan,2022-01-01,239.6,234.2,5.3,111.2,68.3,2.2,66.78072426575422
Pahang,Lipis,2019-01-01,41.6,40.4,1.2,26.2,61.3,2.9,59.587020648967545
Pahang,Lipis,2020-01-01,40.4,39.3,1.2,28.1,59.0,2.9,57.372262773722625
Pahang,Lipis,2021-01-01,39.4,38.4,1.0,29.7,57.1,2.6,55.571635311143275
Pahang,Lipis,2022-01-01,39.8,39.1,0.7,29.5,57.5,1.7,56.42135642135643
Pahang,Maran,2019-01-01,54.5,53.2,1.3,29.5,64.9,2.4,63.33333333333334
Pahang,Maran,2020-01-01,55.5,54.1,1.4,29.4,65.4,2.5,63.72202591283863
Pahang,Maran,2021-01-01,55.7,54.1,1.7,29.8,65.2,3.0,63.2748538011696
Pahang,Maran,2022-01-01,56.4,55.2,1.2,29.3,65.8,2.2,64.41073512252042
Pahang,Pekan,2019-01-01,52.6,51.1,1.5,26.5,66.5,2.8,64.60176991150443
Pahang,Pekan,2020-01-01,52.8,51.1,1.6,27.2,66.0,3.1,63.954943679599495
Pahang,Pekan,2021-01-01,52.0,50.3,1.7,28.7,64.5,3.3,62.32961586121437
Pahang,Pekan,2022-01-01,52.2,50.8,1.4,28.5,64.7,2.7,62.949194547707556
Pahang,Raub,2019-01-01,45.2,43.9,1.3,25.1,64.3,2.9,62.44665718349929
Pahang,Raub,2020-01-01,45.8,44.2,1.7,24.8,64.9,3.6,62.51768033946252
Pahang,Raub,2021-01-01,44.9,43.3,1.6,25.3,63.9,3.6,61.68091168091168
Pahang,Raub,2022-01-01,45.3,43.8,1.5,25.1,64.3,3.2,62.21590909090908
Pahang,Rompin,2019-01-01,54.2,52.4,1.7,30.9,63.7,3.2,61.57461809635723
Pahang,Rompin,2020-01-01,52.8,51.3,1.5,32.3,62.1,2.9,60.28202115158637
Pahang,Rompin,2021-01-01,53.0,51.3,1.7,32.7,61.9,3.2,59.85997666277713
Pahang,Rompin,2022-01-01,53.3,52.0,1.3,32.4,62.2,2.5,60.67677946324387
Pahang,Temerloh,2019-01-01,81.6,79.2,2.4,43.1,65.4,2.9,63.51242983159583
Pahang,Temerloh,2020-01-01,80.3,77.4,2.9,45.4,63.9,3.6,61.52623211446742
Pahang,Temerloh,2021-01-01,78.9,76.1,2.8,47.7,62.4,3.6,60.11058451816746
Pahang,Temerloh,2022-01-01,79.4,77.2,2.2,47.4,62.6,2.8,60.83530338849488
Perak,Batang Padang,2019-01-01,83.7,80.7,3.0,45.0,65.0,3.6,62.70396270396271
Perak,Batang Padang,2020-01-01,91.4,88.0,3.4,43.7,67.7,3.7,65.13693560325684
Perak,Batang Padang,2021-01-01,92.5,89.5,3.0,43.2,68.2,3.3,65.90574374079529
Perak,Batang Padang,2022-01-01,94.0,92.2,1.9,42.1,69.1,2.0,67.74430565760471
Perak,Hilir Perak,2019-01-01,95.4,92.1,3.2,58.0,62.2,3.4,60.039113428943935
Perak,Hilir Perak,2020-01-01,99.0,93.6,5.4,53.2,65.0,5.5,61.498028909329825
Perak,Hilir Perak,2021-01-01,97.4,92.7,4.7,54.7,64.0,4.8,60.946745562130175
Perak,Hilir Perak,2022-01-01,98.5,94.1,4.4,53.0,65.0,4.5,62.1122112211221
Perak,Hulu Perak,2019-01-01,45.9,44.3,1.6,22.2,67.4,3.4,65.05139500734215
Perak,Hulu Perak,2020-01-01,43.6,41.8,1.7,22.8,65.7,4.0,63.04675716440422
Perak,Hulu Perak,2021-01-01,44.1,42.5,1.6,23.5,65.2,3.7,62.776957163958635
Perak,Hulu Perak,2022-01-01,44.5,43.4,1.1,22.9,66.0,2.5,64.48736998514116
Perak,Kampar,2019-01-01,43.6,41.7,1.8,25.8,62.8,4.2,60.17316017316018
Perak,Kampar,2020-01-01,42.8,41.0,1.7,27.4,61.0,4.0,58.48787446504994
Perak,Kampar,2021-01-01,43.1,41.1,2.0,27.7,60.9,4.6,58.05084745762712
Perak,Kampar,2022-01-01,44.9,43.4,1.4,27.7,61.8,3.2,59.77961432506888
Perak,Kerian,2019-01-01,76.4,73.7,2.7,51.8,59.6,3.6,57.48829953198129
Perak,Kerian,2020-01-01,79.3,75.1,4.2,52.4,60.2,5.4,57.02353834472286
Perak,Kerian,2021-01-01,78.2,73.5,4.7,52.9,59.6,6.0,56.06407322654462
Perak,Kerian,2022-01-01,80.2,76.0,4.2,52.8,60.3,5.2,57.18585402558314
Perak,Kinta,2019-01-01,356.2,345.5,10.7,194.7,64.7,3.0,62.715556362316214
Perak,Kinta,2020-01-01,354.6,338.3,16.3,189.9,65.1,4.6,62.118986412045544
Perak,Kinta,2021-01-01,362.5,343.5,18.9,183.8,66.4,5.2,62.87753981328941
Perak,Kinta,2022-01-01,369.1,351.9,17.2,180.7,67.1,4.7,64.01673640167364
Perak,Kuala Kangsar,2019-01-01,69.5,67.3,2.2,46.1,60.1,3.1,58.21799307958477
Perak,Kuala Kangsar,2020-01-01,69.6,65.9,3.7,47.6,59.4,5.3,56.22866894197952
Perak,Kuala Kangsar,2021-01-01,70.5,66.2,4.3,46.3,60.3,6.0,56.678082191780824
Perak,Kuala Kangsar,2022-01-01,74.3,70.2,4.2,47.4,61.1,5.6,57.68282662284305
Perak,Larut Dan Matang,2019-01-01,156.3,150.4,5.9,84.3,65.0,3.8,62.53638253638254
Perak,Larut Dan Matang,2020-01-01,161.0,152.2,8.7,81.3,66.4,5.4,62.81469252992158
Perak,Larut Dan Matang,2021-01-01,157.0,147.2,9.8,84.5,65.0,6.2,60.95238095238095
Perak,Larut Dan Matang,2022-01-01,158.2,148.8,9.4,82.5,65.7,5.9,61.81969256335689
Perak,Manjung,2019-01-01,110.7,106.5,4.2,61.8,64.1,3.8,61.73913043478261
Perak,Manjung,2020-01-01,108.8,103.4,5.4,61.2,64.0,4.9,60.859329017068866
Perak,Manjung,2021-01-01,108.2,101.9,6.2,61.6,63.7,5.8,60.01177856301532
Perak,Manjung,2022-01-01,109.9,104.1,5.8,61.8,64.0,5.3,60.593713620488934
Perak,Perak Tengah,2019-01-01,42.8,41.3,1.5,28.5,60.1,3.5,57.92426367461431
Perak,Perak Tengah,2020-01-01,45.8,43.4,2.3,28.0,62.0,5.1,58.80758807588076
Perak,Perak Tengah,2021-01-01,47.1,44.3,2.8,28.1,62.6,5.9,58.909574468085104
Perak,Perak Tengah,2022-01-01,45.2,42.8,2.4,26.5,63.1,5.4,59.69316596931659
Pulau Pinang,Barat Daya,2019-01-01,111.1,109.4,1.7,53.7,67.4,1.5,66.34323832625833
Pulau Pinang,Barat Daya,2020-01-01,114.2,110.4,3.8,50.6,68.7,3.3,66.38604930847866
Pulau Pinang,Barat Daya,2021-01-01,118.2,115.4,2.8,49.7,70.4,2.3,68.69047619047619
Pulau Pinang,Barat Daya,2022-01-01,119.9,118.0,1.9,49.0,71.0,1.6,69.90521327014217
Pulau Pinang,Seberang Perai Selatan,2019-01-01,102.7,100.7,2.0,35.5,74.3,1.9,72.91817523533672
Pulau Pinang,Seberang Perai Selatan,2020-01-01,105.3,101.5,3.9,30.8,75.9,3.7,73.12680115273774
Pulau Pinang,Seberang Perai Selatan,2021-01-01,108.1,102.7,5.4,31.4,77.5,5.0,73.62007168458781
Pulau Pinang,Seberang Perai Selatan,2022-01-01,107.9,103.3,4.7,30.6,77.9,4.3,74.58483754512635
Pulau Pinang,Seberang Perai Tengah,2019-01-01,213.7,210.7,3.0,98.4,68.5,1.4,67.5104133290612
Pulau Pinang,Seberang Perai Tengah,2020-01-01,215.0,209.1,5.9,94.1,69.3,2.8,67.3646907216495
Pulau Pinang,Seberang Perai Tengah,2021-01-01,221.5,213.1,8.4,89.3,71.3,3.8,68.56499356499356
Pulau Pinang,Seberang Perai Tengah,2022-01-01,224.1,218.1,6.0,88.2,71.7,2.7,69.83669548511047
Pulau Pinang,Seberang Perai Utara,2019-01-01,150.0,146.7,3.3,87.1,63.3,2.2,61.89873417721519
Pulau Pinang,Seberang Perai Utara,2020-01-01,152.4,146.1,6.3,89.1,63.2,4.1,60.597262546661135
Pulau Pinang,Seberang Perai Utara,2021-01-01,158.8,151.6,7.3,84.7,65.2,4.6,62.23316912972086
Pulau Pinang,Seberang Perai Utara,2022-01-01,162.1,156.1,6.0,82.9,66.2,3.7,63.714285714285715
Pulau Pinang,Timur Laut,2019-01-01,274.6,267.9,6.7,139.5,66.3,2.5,64.69451823231103
Pulau Pinang,Timur Laut,2020-01-01,276.5,265.8,10.7,142.3,66.8,3.9,64.23392943450943
Pulau Pinang,Timur Laut,2021-01-01,282.8,274.4,8.4,130.9,68.3,3.0,66.31222812953116
Pulau Pinang,Timur Laut,2022-01-01,284.6,278.5,6.1,129.0,68.8,2.1,67.33558994197291
Sabah,Beaufort,2019-01-01,41.2,38.9,2.2,15.2,73.0,5.5,68.97163120567376
Sabah,Beaufort,2020-01-01,40.7,38.5,2.2,17.0,70.5,5.4,66.72443674176776
Sabah,Beaufort,2021-01-01,39.3,37.0,2.3,17.1,69.6,5.8,65.60283687943263
Sabah,Beaufort,2022-01-01,39.9,38.0,1.9,17.2,69.8,4.8,66.54991243432575
Sabah,Beluran,2019-01-01,75.7,71.1,4.7,27.0,73.7,6.2,69.16342412451361
Sabah,Beluran,2020-01-01,78.7,71.5,7.2,24.2,76.5,9.2,69.4849368318756
Sabah,Beluran,2021-01-01,78.3,71.8,6.5,22.2,77.9,8.3,71.44278606965175
Sabah,Beluran,2022-01-01,78.5,72.7,5.8,21.7,78.3,7.3,72.55489021956087
Sabah,Keningau,2019-01-01,106.8,100.2,6.6,50.5,67.9,6.2,63.699936427209146
Sabah,Keningau,2020-01-01,107.7,99.8,8.0,52.4,67.3,7.4,62.29712858926343
Sabah,Keningau,2021-01-01,106.3,99.5,6.8,47.9,68.9,6.4,64.526588845655
Sabah,Keningau,2022-01-01,107.0,101.0,6.0,47.9,69.1,5.6,65.20335700451905
Sabah,Kinabatangan,2019-01-01,100.3,94.2,6.1,42.1,70.4,6.1,66.15168539325843
Sabah,Kinabatangan,2020-01-01,96.4,86.8,9.5,43.1,69.1,9.9,62.22222222222222
Sabah,Kinabatangan,2021-01-01,93.2,84.6,8.6,40.0,70.0,9.2,63.465866466616646
Sabah,Kinabatangan,2022-01-01,91.4,83.7,7.7,38.3,70.4,8.4,64.53353893600618
Sabah,Kota Belud,2019-01-01,51.1,48.2,3.0,27.0,65.4,5.8,61.636828644501286
Sabah,Kota Belud,2020-01-01,49.1,44.6,4.5,29.2,62.7,9.2,56.88775510204081
Sabah,Kota Belud,2021-01-01,49.1,44.5,4.6,28.7,63.1,9.3,57.19794344473008
Sabah,Kota Belud,2022-01-01,49.8,45.7,4.2,28.8,63.4,8.4,58.142493638676854
Sabah,Kota Kinabalu,2019-01-01,305.6,290.0,15.6,112.8,73.0,5.1,69.31166347992352
Sabah,Kota Kinabalu,2020-01-01,293.4,271.9,21.5,126.3,69.9,7.3,64.78436978794376
Sabah,Kota Kinabalu,2021-01-01,302.7,279.6,23.1,121.5,71.4,7.6,65.92784720584768
Sabah,Kota Kinabalu,2022-01-01,309.9,288.8,21.1,118.5,72.3,6.8,67.41363211951447
Sabah,Kota Marudu,2019-01-01,40.1,37.9,2.2,17.0,70.3,5.5,66.37478108581436
Sabah,Kota Marudu,2020-01-01,42.8,39.3,3.5,15.3,73.7,8.2,67.6419965576592
Sabah,Kota Marudu,2021-01-01,41.8,38.3,3.4,15.1,73.4,8.2,67.31107205623901
Sabah,Kota Marudu,2022-01-01,42.7,39.6,3.1,15.3,73.6,7.3,68.15834767641996
Sabah,Kuala Penyu,2019-01-01,12.2,11.6,0.6,4.4,73.6,5.3,69.87951807228914
Sabah,Kuala Penyu,2020-01-01,11.9,11.0,0.9,4.6,72.3,7.9,67.07317073170732
Sabah,Kuala Penyu,2021-01-01,11.7,10.9,0.8,4.8,70.9,7.2,66.06060606060606
Sabah,Kuala Penyu,2022-01-01,12.0,11.2,0.8,4.9,71.0,6.4,66.66666666666666
Sabah,Kudat,2019-01-01,52.9,50.2,2.8,21.3,71.3,5.2,67.65498652291106
Sabah,Kudat,2020-01-01,53.7,49.1,4.6,20.7,72.2,8.5,65.99462365591397
Sabah,Kudat,2021-01-01,54.1,49.7,4.3,20.0,73.0,8.0,67.07152496626182
Sabah,Kudat,2022-01-01,53.6,49.8,3.8,19.5,73.3,7.0,68.12585499316005
Sabah,Kunak,2019-01-01,41.9,39.3,2.6,18.7,69.2,6.2,64.9586776859504
Sabah,Kunak,2020-01-01,40.1,36.4,3.7,20.0,66.7,9.2,60.56572379367721
Sabah,Kunak,2021-01-01,40.2,36.3,3.8,19.7,67.1,9.6,60.60100166944908
Sabah,Kunak,2022-01-01,41.0,37.3,3.6,19.8,67.4,8.8,61.348684210526315
Sabah,Lahad Datu,2019-01-01,135.8,127.0,8.7,64.6,67.8,6.4,63.40489266100848
Sabah,Lahad Datu,2020-01-01,141.3,128.0,13.2,58.8,70.6,9.4,64.0
Sabah,Lahad Datu,2021-01-01,139.4,125.4,14.0,59.1,70.2,10.0,63.17380352644837
Sabah,Lahad Datu,2022-01-01,135.3,122.4,12.9,57.1,70.3,9.5,63.61746361746362
Sabah,Nabawan,2019-01-01,18.4,17.3,1.1,10.1,64.6,6.2,60.70175438596491
Sabah,Nabawan,2020-01-01,19.0,17.1,1.9,10.5,64.4,9.9,58.163265306122454
Sabah,Nabawan,2021-01-01,18.0,16.3,1.7,10.5,63.2,9.7,57.19298245614035
Sabah,Nabawan,2022-01-01,18.2,16.6,1.6,10.6,63.2,8.8,57.43944636678201
Sabah,Papar,2019-01-01,79.7,75.4,4.2,37.8,67.8,5.3,64.17021276595744
Sabah,Papar,2020-01-01,78.2,72.4,5.7,40.7,65.8,7.3,60.8915054667788
Sabah,Papar,2021-01-01,77.8,72.2,5.6,38.8,66.7,7.2,61.921097770154375
Sabah,Papar,2022-01-01,77.3,72.1,5.2,37.3,67.4,6.7,62.91448516579406
Sabah,Penampang,2019-01-01,75.1,70.6,4.5,40.0,65.2,6.0,61.33796698523023
Sabah,Penampang,2020-01-01,76.9,69.8,7.1,38.9,66.4,9.2,60.27633851468048
Sabah,Penampang,2021-01-01,77.0,69.3,7.7,37.3,67.3,9.9,60.629921259842526
Sabah,Penampang,2022-01-01,75.0,68.0,7.0,35.0,68.2,9.3,61.81818181818181
Sabah,Pitas,2019-01-01,22.0,20.7,1.3,10.2,68.4,5.9,64.28571428571428
Sabah,Pitas,2020-01-01,22.9,20.8,2.1,10.0,69.6,9.0,63.22188449848025
Sabah,Pitas,2021-01-01,21.7,19.7,2.0,10.0,68.5,9.3,61.94968553459119
Sabah,Pitas,2022-01-01,22.2,20.4,1.9,10.2,68.6,8.4,62.96296296296296
Sabah,Putatan,2019-01-01,29.6,27.7,2.0,16.1,64.8,6.7,60.61269146608315
Sabah,Putatan,2020-01-01,31.4,29.0,2.4,15.7,66.6,7.8,61.57112526539278
Sabah,Putatan,2021-01-01,30.2,27.7,2.5,15.4,66.3,8.2,60.879120879120876
Sabah,Putatan,2022-01-01,30.8,28.6,2.3,15.5,66.5,7.3,61.63793103448276
Sabah,Ranau,2019-01-01,58.7,55.5,3.2,22.8,72.0,5.5,68.01470588235294
Sabah,Ranau,2020-01-01,62.0,56.6,5.4,20.5,75.1,8.7,68.60606060606061
Sabah,Ranau,2021-01-01,62.1,56.3,5.8,18.9,76.7,9.3,69.5920889987639
Sabah,Ranau,2022-01-01,62.4,57.1,5.3,18.7,77.0,8.5,70.40690505548706
Sabah,Sandakan,2019-01-01,251.8,236.4,15.4,102.1,71.1,6.1,66.79853065837807
Sabah,Sandakan,2020-01-01,259.8,238.1,21.7,93.3,73.6,8.4,67.43132257150948
Sabah,Sandakan,2021-01-01,259.0,237.5,21.5,92.6,73.7,8.3,67.54835039817975
Sabah,Sandakan,2022-01-01,258.3,238.6,19.7,89.6,74.2,7.6,68.58292612819777
Sabah,Semporna,2019-01-01,83.4,78.1,5.2,47.5,63.7,6.3,59.663865546218474
Sabah,Semporna,2020-01-01,80.8,73.1,7.8,50.3,61.6,9.6,55.71646341463414
Sabah,Semporna,2021-01-01,81.0,73.1,7.9,48.9,62.4,9.7,56.317411402157155
Sabah,Semporna,2022-01-01,83.8,76.1,7.7,49.0,63.1,9.2,57.26109857035364
Sabah,Sipitang,2019-01-01,20.5,19.2,1.4,9.7,67.9,6.7,63.576158940397356
Sabah,Sipitang,2020-01-01,19.8,18.6,1.2,10.5,65.3,6.2,61.184210526315795
Sabah,Sipitang,2021-01-01,19.3,18.0,1.3,10.9,63.9,6.7,59.60264900662252
Sabah,Sipitang,2022-01-01,20.0,18.8,1.2,11.1,64.4,5.9,60.45016077170418
Sabah,Tambunan,2019-01-01,25.1,23.8,1.3,9.2,73.1,5.3,69.18604651162791
Sabah,Tambunan,2020-01-01,24.9,23.6,1.3,9.9,71.5,5.2,67.816091954023
Sabah,Tambunan,2021-01-01,24.3,23.0,1.3,9.9,71.1,5.4,67.44868035190615
Sabah,Tambunan,2022-01-01,24.8,23.6,1.2,9.9,71.4,4.8,67.816091954023
Sabah,Tawau,2019-01-01,280.2,264.6,15.6,109.4,71.9,5.6,67.8983833718245
Sabah,Tawau,2020-01-01,285.7,265.4,20.4,101.8,73.7,7.1,68.47265221878224
Sabah,Tawau,2021-01-01,281.6,258.9,22.7,103.7,73.1,8.1,67.17695900363259
Sabah,Tawau,2022-01-01,278.6,257.2,21.3,101.2,73.3,7.7,67.71985255397577
Sabah,Tenom,2019-01-01,34.0,32.0,2.0,14.6,70.0,5.9,65.84362139917695
Sabah,Tenom,2020-01-01,32.8,30.9,1.9,15.9,67.3,5.8,63.44969199178644
Sabah,Tenom,2021-01-01,33.0,30.9,2.1,15.6,67.9,6.4,63.58024691358024
Sabah,Tenom,2022-01-01,33.5,31.5,1.9,15.7,68.1,5.8,64.15478615071282
Sabah,Tongod,2019-01-01,22.8,21.4,1.4,9.3,70.9,6.3,66.45962732919254
Sabah,Tongod,2020-01-01,24.4,22.2,2.2,9.0,73.0,8.9,66.46706586826348
Sabah,Tongod,2021-01-01,23.4,21.4,2.0,8.4,73.7,8.6,67.29559748427673
Sabah,Tongod,2022-01-01,24.0,22.1,1.8,8.3,74.2,7.7,68.42105263157896
Sabah,Tuaran,2019-01-01,60.6,57.3,3.3,28.8,67.8,5.4,64.09395973154362
Sabah,Tuaran,2020-01-01,58.2,55.2,3.0,31.5,64.9,5.1,61.53846153846154
Sabah,Tuaran,2021-01-01,57.6,54.6,3.0,31.2,64.8,5.2,61.48648648648649
Sabah,Tuaran,2022-01-01,57.2,54.7,2.6,30.4,65.3,4.5,62.37172177879133
Sarawak,Asajaya,2019-01-01,16.9,16.3,0.6,8.4,66.8,3.4,64.42687747035573
Sarawak,Asajaya,2020-01-01,16.0,15.5,0.5,9.4,63.1,3.2,61.023622047244096
Sarawak,Asajaya,2021-01-01,16.8,16.1,0.7,9.3,64.3,4.3,61.450381679389324
Sarawak,Asajaya,2022-01-01,17.1,16.6,0.6,9.3,64.9,3.3,62.87878787878789
Sarawak,Bau,2019-01-01,29.5,28.5,1.0,12.8,69.7,3.2,67.21698113207547
Sarawak,Bau,2020-01-01,28.5,27.6,0.9,14.0,67.0,3.1,64.94117647058823
Sarawak,Bau,2021-01-01,28.4,27.4,1.0,14.8,65.7,3.6,63.279445727482674
Sarawak,Bau,2022-01-01,29.0,28.0,1.0,14.6,66.6,3.3,64.36781609195403
Sarawak,Belaga,2019-01-01,21.5,20.9,0.6,9.4,69.6,2.8,67.63754045307444
Sarawak,Belaga,2020-01-01,22.5,21.5,1.0,7.6,73.2,4.4,70.03257328990227
Sarawak,Belaga,2021-01-01,19.6,18.8,0.8,11.1,63.9,4.2,61.43790849673203
Sarawak,Belaga,2022-01-01,19.7,19.1,0.7,10.9,64.5,3.3,62.41830065359477
Sarawak,Betong,2019-01-01,32.8,31.9,0.9,16.2,67.0,2.7,65.10204081632652
Sarawak,Betong,2020-01-01,31.7,30.3,1.4,17.8,64.0,4.4,61.21212121212122
Sarawak,Betong,2021-01-01,31.3,29.7,1.6,19.4,61.7,5.0,58.57988165680473
Sarawak,Betong,2022-01-01,31.6,30.3,1.3,19.4,61.9,4.1,59.411764705882355
Sarawak,Bintulu,2019-01-01,116.1,113.1,3.0,45.0,72.0,2.6,70.2048417132216
Sarawak,Bintulu,2020-01-01,109.1,105.7,3.4,50.0,68.6,3.1,66.47798742138365
Sarawak,Bintulu,2021-01-01,110.4,106.7,3.7,48.8,69.4,3.4,67.06473915776242
Sarawak,Bintulu,2022-01-01,114.4,111.6,2.8,48.0,70.5,2.5,68.7192118226601
Sarawak,Dalat,2019-01-01,10.2,9.9,0.3,4.6,68.9,3.1,66.89189189189189
Sarawak,Dalat,2020-01-01,10.5,9.9,0.5,4.5,70.1,5.2,66.44295302013423
Sarawak,Dalat,2021-01-01,10.5,10.1,0.5,4.7,69.0,4.6,66.01307189542483
Sarawak,Dalat,2022-01-01,10.6,10.2,0.4,4.8,69.1,4.0,66.23376623376622
Sarawak,Daro,2019-01-01,15.9,15.5,0.4,8.8,64.4,2.5,62.75303643724697
Sarawak,Daro,2020-01-01,15.6,15.0,0.6,9.1,63.1,3.9,60.483870967741936
Sarawak,Daro,2021-01-01,15.8,15.0,0.7,9.5,62.5,4.7,59.523809523809526
Sarawak,Daro,2022-01-01,15.9,15.3,0.7,9.3,63.1,4.1,60.71428571428572
Sarawak,Julau,2019-01-01,8.2,7.9,0.3,4.2,66.4,4.0,63.70967741935484
Sarawak,Julau,2020-01-01,8.4,8.1,0.3,4.1,66.9,3.7,64.8
Sarawak,Julau,2021-01-01,7.9,7.4,0.4,5.0,61.3,5.5,57.8125
Sarawak,Julau,2022-01-01,8.0,7.6,0.4,4.9,62.1,4.7,58.914728682170534
Sarawak,Kanowit,2019-01-01,15.2,14.7,0.5,7.6,66.6,3.5,64.4736842105263
Sarawak,Kanowit,2020-01-01,16.0,15.1,0.8,7.1,69.3,5.2,65.65217391304347
Sarawak,Kanowit,2021-01-01,15.4,14.5,0.8,8.0,65.6,5.3,61.965811965811966
Sarawak,Kanowit,2022-01-01,15.5,14.7,0.8,8.0,65.9,5.1,62.5531914893617
Sarawak,Kapit,2019-01-01,29.2,28.1,1.1,14.5,66.9,3.9,64.30205949656751
Sarawak,Kapit,2020-01-01,30.4,28.6,1.9,13.6,69.1,6.1,65.0
Sarawak,Kapit,2021-01-01,29.5,27.9,1.6,15.4,65.8,5.5,62.1380846325167
Sarawak,Kapit,2022-01-01,30.0,28.4,1.6,15.1,66.5,5.3,62.97117516629711
Sarawak,Kuching,2019-01-01,325.0,315.3,9.7,154.5,67.8,3.0,65.76971214017523
Sarawak,Kuching,2020-01-01,312.2,297.3,14.9,168.7,64.9,4.8,61.82158452900811
Sarawak,Kuching,2021-01-01,334.0,319.5,14.5,154.4,68.4,4.3,65.43108744624206
Sarawak,Kuching,2022-01-01,341.8,330.5,11.3,149.4,69.6,3.3,67.28420195439739
Sarawak,Lawas,2019-01-01,22.4,21.6,0.7,8.7,71.9,3.2,69.45337620578779
Sarawak,Lawas,2020-01-01,23.2,21.9,1.2,8.0,74.2,5.3,70.1923076923077
Sarawak,Lawas,2021-01-01,22.6,21.4,1.2,9.1,71.2,5.3,67.50788643533123
Sarawak,Lawas,2022-01-01,23.0,21.9,1.0,9.1,71.7,4.5,68.4375
Sarawak,Limbang,2019-01-01,27.5,26.4,1.0,10.6,72.2,3.7,69.47368421052632
Sarawak,Limbang,2020-01-01,26.3,25.0,1.4,12.0,68.8,5.2,65.27415143603133
Sarawak,Limbang,2021-01-01,26.2,25.0,1.2,12.6,67.4,4.5,64.43298969072166
Sarawak,Limbang,2022-01-01,26.7,25.7,1.0,12.6,68.0,3.7,65.39440203562341
Sarawak,Lubok Antu,2019-01-01,15.3,14.7,0.6,6.8,69.3,3.7,66.81818181818181
Sarawak,Lubok Antu,2020-01-01,15.2,14.6,0.5,7.0,68.6,3.6,66.06334841628959
Sarawak,Lubok Antu,2021-01-01,15.5,14.7,0.8,7.2,68.1,5.1,64.75770925110133
Sarawak,Lubok Antu,2022-01-01,15.6,14.9,0.7,7.1,68.7,4.6,65.63876651982379
Sarawak,Lundu,2019-01-01,19.4,18.8,0.6,7.3,72.7,3.0,70.4119850187266
Sarawak,Lundu,2020-01-01,19.6,19.1,0.6,7.2,73.0,2.8,71.00371747211896
Sarawak,Lundu,2021-01-01,19.0,18.2,0.8,8.3,69.7,4.2,66.91176470588235
Sarawak,Lundu,2022-01-01,19.2,18.5,0.7,8.2,70.0,3.5,67.51824817518248
Sarawak,Maradong,2019-01-01,15.3,14.8,0.5,8.2,65.0,3.3,62.71186440677966
Sarawak,Maradong,2020-01-01,15.8,15.0,0.9,7.9,66.7,5.4,63.29113924050633
Sarawak,Maradong,2021-01-01,15.2,14.4,0.9,8.7,63.7,5.7,60.25104602510461
Sarawak,Maradong,2022-01-01,15.5,14.7,0.8,8.5,64.5,5.2,61.24999999999999
Sarawak,Marudi,2019-01-01,33.4,32.5,0.8,18.6,64.2,2.5,62.5
Sarawak,Marudi,2020-01-01,34.2,32.9,1.3,17.9,65.7,3.7,63.14779270633397
Sarawak,Marudi,2021-01-01,32.8,31.8,1.0,19.7,62.5,3.1,60.45627376425855
Sarawak,Marudi,2022-01-01,32.7,31.9,0.9,19.1,63.2,2.6,61.58301158301158
Sarawak,Matu,2019-01-01,9.5,9.2,0.3,4.2,69.5,3.5,67.15328467153284
Sarawak,Matu,2020-01-01,10.1,9.7,0.4,3.8,72.7,3.8,69.78417266187049
Sarawak,Matu,2021-01-01,9.3,8.9,0.4,4.8,66.2,4.5,63.57142857142858
Sarawak,Matu,2022-01-01,9.3,9.0,0.4,4.6,66.9,3.8,64.28571428571429
Sarawak,Miri,2019-01-01,164.2,158.6,5.5,82.6,66.5,3.4,64.28860964734496
Sarawak,Miri,2020-01-01,159.7,154.4,5.3,86.4,64.9,3.3,62.73872409589598
Sarawak,Miri,2021-01-01,161.5,155.3,6.2,85.8,65.3,3.8,62.77283751010509
Sarawak,Miri,2022-01-01,164.3,159.3,5.0,82.8,66.5,3.0,64.46782679077297
Sarawak,Mukah,2019-01-01,23.3,22.6,0.8,11.6,66.7,3.2,64.57142857142858
Sarawak,Mukah,2020-01-01,23.6,22.9,0.7,11.3,67.7,2.9,65.61604584527221
Sarawak,Mukah,2021-01-01,22.3,21.3,1.0,13.0,63.3,4.5,60.339943342776216
Sarawak,Mukah,2022-01-01,22.5,21.6,0.9,12.6,64.0,3.9,61.53846153846154
Sarawak,Pakan,2019-01-01,9.1,8.8,0.3,3.1,74.6,3.4,72.13114754098362
Sarawak,Pakan,2020-01-01,8.7,8.4,0.3,3.6,70.6,3.1,68.29268292682926
Sarawak,Pakan,2021-01-01,8.7,8.4,0.3,4.0,68.6,3.4,66.66666666666667
Sarawak,Pakan,2022-01-01,8.8,8.5,0.3,3.9,69.5,3.4,66.92913385826772
Sarawak,Samarahan,2019-01-01,45.6,43.9,1.7,23.1,66.4,3.7,63.901018922852984
Sarawak,Samarahan,2020-01-01,46.6,44.2,2.4,22.6,67.3,5.2,63.8728323699422
Sarawak,Samarahan,2021-01-01,47.1,44.2,2.9,23.6,66.6,6.1,62.51768033946252
Sarawak,Samarahan,2022-01-01,48.3,45.7,2.6,23.3,67.5,5.3,63.826815642458115
Sarawak,Saratok,2019-01-01,24.3,23.7,0.6,11.9,67.1,2.5,65.4696132596685
Sarawak,Saratok,2020-01-01,24.9,23.9,1.0,11.7,68.1,4.1,65.30054644808743
Sarawak,Saratok,2021-01-01,24.5,23.7,0.8,12.9,65.6,3.3,63.36898395721925
Sarawak,Saratok,2022-01-01,24.7,24.1,0.6,12.8,65.9,2.4,64.26666666666667
Sarawak,Sarikei,2019-01-01,31.4,30.5,0.9,14.0,69.2,2.8,67.18061674008811
Sarawak,Sarikei,2020-01-01,32.7,31.2,1.5,12.8,71.8,4.5,68.57142857142857
Sarawak,Sarikei,2021-01-01,33.1,31.4,1.7,13.2,71.5,5.0,67.81857451403887
Sarawak,Sarikei,2022-01-01,33.5,32.1,1.4,13.0,71.9,4.2,69.03225806451613
Sarawak,Selangau,2019-01-01,12.5,12.1,0.4,5.9,67.8,3.3,65.76086956521739
Sarawak,Selangau,2020-01-01,12.2,11.8,0.4,6.3,65.9,3.2,63.78378378378379
Sarawak,Selangau,2021-01-01,12.2,11.6,0.5,6.7,64.6,4.3,61.702127659574465
Sarawak,Selangau,2022-01-01,12.3,11.8,0.5,6.7,64.8,4.0,62.10526315789474
Sarawak,Serian,2019-01-01,53.0,51.3,1.6,20.7,71.9,3.0,69.60651289009498
Sarawak,Serian,2020-01-01,50.6,48.2,2.4,23.9,68.5,4.7,65.2232746955345
Sarawak,Serian,2021-01-01,51.1,48.1,2.9,24.2,67.9,5.8,63.87782204515272
Sarawak,Serian,2022-01-01,51.5,48.8,2.8,24.1,68.1,5.4,64.55026455026454
Sarawak,Sibu,2019-01-01,133.0,128.3,4.7,61.5,68.4,3.6,65.96401028277636
Sarawak,Sibu,2020-01-01,127.9,120.5,7.3,66.8,65.7,5.7,61.921891058581714
Sarawak,Sibu,2021-01-01,130.9,123.2,7.7,65.1,66.8,5.9,62.889229198570696
Sarawak,Sibu,2022-01-01,134.0,127.2,6.8,63.6,67.8,5.1,64.37246963562754
Sarawak,Simunjan,2019-01-01,22.0,21.4,0.7,9.5,69.9,3.0,67.93650793650792
Sarawak,Simunjan,2020-01-01,22.4,21.3,1.1,9.3,70.6,4.7,67.19242902208202
Sarawak,Simunjan,2021-01-01,22.7,21.4,1.3,9.7,69.9,5.5,66.04938271604938
Sarawak,Simunjan,2022-01-01,22.9,21.8,1.1,9.5,70.6,4.6,67.28395061728396
Sarawak,Song,2019-01-01,11.0,10.6,0.4,5.2,68.0,4.0,65.4320987654321
Sarawak,Song,2020-01-01,11.1,10.5,0.6,5.3,67.6,5.5,64.02439024390245
Sarawak,Song,2021-01-01,11.3,10.6,0.7,5.5,67.3,6.3,63.095238095238095
Sarawak,Song,2022-01-01,11.4,10.7,0.7,5.4,67.7,5.7,63.69047619047619
Sarawak,Sri Aman,2019-01-01,36.2,35.3,0.9,16.0,69.3,2.5,67.62452107279692
Sarawak,Sri Aman,2020-01-01,36.8,35.6,1.2,15.7,70.2,3.3,67.80952380952381
Sarawak,Sri Aman,2021-01-01,35.6,34.7,1.0,18.0,66.4,2.7,64.73880597014926
Sarawak,Sri Aman,2022-01-01,36.0,35.2,0.8,17.4,67.4,2.2,65.91760299625469
Sarawak,Tatau,2019-01-01,18.0,17.4,0.6,7.6,70.2,3.4,67.70428015564201
Sarawak,Tatau,2020-01-01,17.2,16.5,0.7,8.2,67.7,4.1,64.96062992125985
Sarawak,Tatau,2021-01-01,17.6,16.8,0.8,7.9,69.2,4.6,65.88235294117646
Sarawak,Tatau,2022-01-01,17.7,16.9,0.7,7.7,69.6,4.1,66.53543307086613
Selangor,Gombak,2019-01-01,442.3,429.9,12.4,152.8,74.3,2.8,72.22782258064515
Selangor,Gombak,2020-01-01,454.7,432.7,22.0,151.9,74.7,4.8,71.09760105159381
Selangor,Gombak,2021-01-01,452.2,425.7,26.4,155.1,74.5,5.8,70.1086956521739
Selangor,Gombak,2022-01-01,458.9,438.2,20.7,152.0,75.1,4.5,71.73023408086429
Selangor,Klang,2019-01-01,576.9,560.2,16.7,170.8,77.2,2.9,74.9331193151418
Selangor,Klang,2020-01-01,570.6,549.7,20.9,175.6,76.4,3.7,73.56798715203426
Selangor,Klang,2021-01-01,590.1,561.0,29.2,166.9,77.9,4.9,74.09853387927619
Selangor,Klang,2022-01-01,608.9,583.2,25.7,165.6,78.6,4.2,75.30019367333765
Selangor,Kuala Langat,2019-01-01,148.1,143.7,4.4,48.2,75.4,3.0,73.20427916454405
Selangor,Kuala Langat,2020-01-01,149.1,144.9,4.2,53.0,73.1,2.8,70.99461048505636
Selangor,Kuala Langat,2021-01-01,150.6,145.6,5.0,51.7,74.4,3.3,71.97231833910034
Selangor,Kuala Langat,2022-01-01,152.2,148.4,3.8,51.6,74.7,2.5,72.7807748896518
Selangor,Kuala Selangor,2019-01-01,136.1,132.1,4.0,48.2,73.8,3.0,71.63774403470715
Selangor,Kuala Selangor,2020-01-01,129.6,123.0,6.6,61.1,70.2,5.1,66.59447753113157
Selangor,Kuala Selangor,2021-01-01,133.3,127.5,5.8,54.5,71.0,4.3,67.89137380191693
Selangor,Kuala Selangor,2022-01-01,134.9,129.4,5.5,54.7,71.2,4.1,68.24894514767934
Selangor,Petaling,2019-01-01,1189.7,1157.1,32.6,386.5,75.5,2.7,73.4107346783403
Selangor,Petaling,2020-01-01,1212.5,1159.7,52.7,362.4,76.9,4.3,73.58969477758741
Selangor,Petaling,2021-01-01,1238.5,1192.8,45.7,352.7,77.8,3.7,74.96229260935144
Selangor,Petaling,2022-01-01,1240.7,1202.3,38.5,339.8,78.5,3.1,76.07086365074343
Selangor,Sabak Bernam,2019-01-01,64.1,61.9,2.1,21.6,74.8,3.3,72.22870478413068
Selangor,Sabak Bernam,2020-01-01,61.7,60.0,1.7,25.3,70.9,2.7,68.96551724137932
Selangor,Sabak Bernam,2021-01-01,66.4,63.8,2.6,26.9,71.2,3.9,68.38156484458734
Selangor,Sabak Bernam,2022-01-01,67.2,65.1,2.0,26.7,71.6,3.0,69.40298507462687
Selangor,Sepang,2019-01-01,145.3,140.7,4.6,44.9,76.4,3.2,73.97476340694006
Selangor,Sepang,2020-01-01,151.3,144.8,6.5,48.2,75.8,4.3,72.61785356068205
Selangor,Sepang,2021-01-01,144.9,136.7,8.2,47.7,75.2,5.6,70.9761163032191
Selangor,Sepang,2022-01-01,146.1,140.3,5.8,46.4,75.9,4.0,72.8831168831169
Selangor,Ulu Langat,2019-01-01,761.9,738.5,23.4,222.9,77.4,3.1,74.9898456539399
Selangor,Ulu Langat,2020-01-01,745.4,706.4,39.0,251.8,74.8,5.2,70.84545181024971
Selangor,Ulu Langat,2021-01-01,765.4,734.3,31.2,240.8,76.1,4.1,72.9702871906986
Selangor,Ulu Langat,2022-01-01,783.9,755.4,28.6,240.0,76.6,3.6,73.77673600937592
Selangor,Ulu Selangor,2019-01-01,128.4,125.4,3.0,40.9,75.9,2.3,74.06969875959834
Selangor,Ulu Selangor,2020-01-01,127.9,125.3,2.6,43.3,74.7,2.1,73.18925233644859
Selangor,Ulu Selangor,2021-01-01,135.6,131.1,4.4,42.6,76.1,3.3,73.56902356902357
Selangor,Ulu Selangor,2022-01-01,139.1,135.4,3.7,42.5,76.6,2.7,74.60055096418733
Terengganu,Besut,2019-01-01,64.7,62.3,2.4,41.5,60.9,3.7,58.66290018832391
Terengganu,Besut,2020-01-01,65.0,62.5,2.5,44.1,59.6,3.9,57.234432234432234
Terengganu,Besut,2021-01-01,66.0,63.1,2.9,47.7,58.1,4.4,55.49692172383466
Terengganu,Besut,2022-01-01,67.6,64.9,2.7,48.4,58.3,4.0,55.948275862068975
Terengganu,Dungun,2019-01-01,74.4,71.7,2.7,51.5,59.1,3.6,56.904761904761905
Terengganu,Dungun,2020-01-01,72.5,69.6,2.9,56.7,56.1,4.0,53.86996904024768
Terengganu,Dungun,2021-01-01,74.1,71.2,2.9,57.7,56.2,3.9,54.062262718299166
Terengganu,Dungun,2022-01-01,75.0,72.3,2.7,57.9,56.4,3.6,54.40180586907448
Terengganu,Hulu Terengganu,2019-01-01,31.0,29.8,1.2,22.7,57.7,3.8,55.493482309124765
Terengganu,Hulu Terengganu,2020-01-01,30.4,29.3,1.1,24.1,55.8,3.6,53.663003663003664
Terengganu,Hulu Terengganu,2021-01-01,30.4,29.1,1.2,25.8,54.1,4.0,51.87165775401069
Terengganu,Hulu Terengganu,2022-01-01,30.8,29.6,1.2,25.9,54.3,3.9,52.20458553791887
Terengganu,Kemaman,2019-01-01,85.5,82.7,2.8,43.1,66.5,3.3,64.30793157076205
Terengganu,Kemaman,2020-01-01,86.2,82.9,3.3,44.7,65.8,3.8,63.33078686019863
Terengganu,Kemaman,2021-01-01,87.9,84.7,3.2,45.9,65.7,3.7,63.303437967115094
Terengganu,Kemaman,2022-01-01,91.0,88.2,2.8,47.4,65.8,3.1,63.72832369942196
Terengganu,Kuala Terengganu,2019-01-01,159.7,154.3,5.4,104.7,60.4,3.4,58.35854765506808
Terengganu,Kuala Terengganu,2020-01-01,158.5,151.3,7.2,111.5,58.7,4.5,56.03703703703704
Terengganu,Kuala Terengganu,2021-01-01,157.6,151.3,6.4,116.3,57.5,4.0,55.2391383716685
Terengganu,Kuala Terengganu,2022-01-01,159.9,153.8,6.1,117.3,57.7,3.8,55.48340548340549
Terengganu,Marang,2019-01-01,45.4,43.7,1.7,32.7,58.2,3.7,55.953905249679906
Terengganu,Marang,2020-01-01,44.9,43.3,1.6,35.1,56.1,3.5,54.125
Terengganu,Marang,2021-01-01,45.0,43.3,1.7,35.1,56.1,3.8,54.05742821473159
Terengganu,Marang,2022-01-01,45.8,44.3,1.4,35.4,56.4,3.1,54.556650246305416
Terengganu,Setiu,2019-01-01,27.3,26.3,1.0,14.2,65.8,3.7,63.373493975903614
Terengganu,Setiu,2020-01-01,27.3,26.0,1.3,15.2,64.2,4.7,61.03286384976525
Terengganu,Setiu,2021-01-01,27.5,26.1,1.4,16.4,62.7,5.0,59.45330296127563
Terengganu,Setiu,2022-01-01,28.3,27.1,1.2,16.6,63.0,4.1,60.35634743875279
